Sw_m2,span_m,MAC_m,Sh_m2,Sv_m2,MTOW_t,Wempty_t,Wfuel_t,Wcruise_t,MLW_t,MLW_frac,CLmaxTO,CLmaxLD,CL_cruise,CD_cruise,CD0_cruise,CDwave_cruise,K_cruise,LD_cruise,deltaS_landing_m2,Sw_landing_required_m2,critical,T0_envelope_kN,T0_design_5pct_kN,Takeoff,Cruise,High speed cruise,FAR 25.111,FAR 25.121a,FAR 25.121b,FAR 25.121c,FAR 25.119,FAR 25.121d
300.0,52.76362383309168,6.813747562990507,52.94117647058824,37.5,nan,6.698797592916391e+302,nan,3.1638303839629365e+303,nan,0.74,2.052611671144846,2.333792755736277,inf,inf,0.01613665537946098,inf,0.0358957687153523,nan,nan,nan,Takeoff,nan,nan,nan,inf,inf,nan,nan,nan,nan,nan,nan
301.0,52.8514900452201,6.825094361130326,53.11764705882353,37.625,nan,6.650643903692118e+302,nan,3.141087480784497e+303,nan,0.74,2.0529955416946253,2.334304583135983,inf,inf,0.016109779338085984,inf,0.0358924936134005,nan,nan,nan,Takeoff,nan,nan,nan,inf,inf,nan,nan,nan,nan,nan,nan
302.0,52.939210421010245,6.836422326371215,53.294117647058826,37.75,nan,6.161343427574986e+302,nan,2.909991721918174e+303,nan,0.74,2.053377574941125,2.3348139607979834,inf,inf,0.016083078139559996,inf,0.03588924079252381,nan,nan,nan,Takeoff,nan,nan,nan,inf,inf,nan,nan,nan,nan,nan,nan
303.0,53.02678568421812,6.847731552177019,53.470588235294116,37.875,329.23979916540725,147.54506943020792,146.99472973519937,314.6520383649147,243.63745138240137,0.74,2.053757785588809,2.3353209083282285,1.02027433119434,0.06614208170550807,0.016056550058093144,0.012729641025483669,0.035886010026120116,15.42549470603335,-81.74753329063833,384.74753329063833,Takeoff,1379.8288920061368,1448.8203366064436,1379.8288920061368,1326.5204320280527,1073.0761237783495,484.69498089800777,506.7616888522199,646.8207532995398,459.3668528854407,360.4550112025337,500.7699654233007
304.0,53.11421655263306,6.859022131241051,53.64705882352942,38.0,323.9703010558568,146.26660269685505,143.00369835900173,309.6159928991482,239.738022781334,0.74,2.054136188177308,2.3358254451128935,1.000642262434466,0.0636979175607584,0.016030193390598423,0.011738815927449832,0.0358828010906497,15.709183294414625,-74.50785623122795,378.50785623122795,Takeoff,1331.373814722615,1397.942505458746,1331.373814722615,1281.7173812309925,1041.0549833772802,476.60122134358886,498.3066705523469,636.2929938456699,451.66893196605537,354.6400697810151,492.5643305460785
305.0,53.20150373814634,6.8702941554949755,53.82352941176471,38.125,320.28919451698766,145.39896967898423,140.19022483800345,306.0980299491632,237.01400394257087,0.74,2.0545127970837984,2.3363275903215475,0.9860291055496934,0.06192781227600338,0.016004006456319306,0.011039729453365668,0.0358796137655837,15.922233796264319,-69.12663967695335,374.12663967695335,Takeoff,1296.7860019612674,1361.6253020593308,1296.7860019612674,1250.1986714188076,1018.5318489629682,470.84336398854765,492.29606341527426,628.8795296747819,446.1728259146488,350.56103894926764,486.76887518099153
306.0,53.28864794681884,6.881547716117521,54.0,38.25,317.3739583955833,144.7292579145367,137.9447004810466,303.3119149364605,234.8567292127316,0.74,2.0548876265253315,2.3368273629102583,0.973861246328271,0.06048526941190981,0.015977987596464648,0.010481853222286383,0.035876447833353524,16.10080034026456,-64.64209576286487,370.64209576286487,Takeoff,1268.8944651264032,1332.3391883827235,1268.8944651264032,1225.0801460329194,1000.5866606121747,466.2144278070752,487.46664117434204,622.9693959320841,441.7416764660619,347.31948392070376,482.1373419772024
307.0,53.375649878947605,6.892782903543107,54.1764705882353,38.375,314.9347430632826,144.1825273456757,136.05221571760697,300.9807944020131,233.05170986682913,0.74,2.055260690561125,2.337324781624649,0.9632287752845158,0.05924765659904975,0.015952135173850725,0.010011923806530501,0.03587330307930143,16.257668751407877,-60.71520970274781,367.7152097027478,Takeoff,1245.1689599448878,1307.4274079421323,1245.1689599448878,1203.934912922464,985.4848377673005,462.28868001247986,483.3728506313637,617.9946665580025,437.97439765616906,344.5987377376262,478.23030885710324
308.0,53.46251022913159,6.903999807470304,54.352941176470594,38.5,312.8260403547935,143.72111778122752,134.40492257356607,298.9655201265368,231.49126986254726,0.74,2.0556320030948134,2.3378198650029005,0.9536728671520475,0.05815330872113631,0.015926447572550288,0.009603222284660535,0.03587017929163193,16.399288159599198,-57.17575564390239,365.1757556439024,Takeoff,1224.3402798499692,1285.5572938424675,1224.3402798499692,1185.5465249111662,972.3566479247891,458.8522312115021,479.79085316818737,613.6701358867476,434.6694424144251,342.2398015181343,474.8270742792229
309.0,53.54922968633629,6.915198516870205,54.529411764705884,38.625,310.9638999187585,143.32331605696172,132.94058386179677,297.1858381526934,230.11328593988128,0.74,2.0560015778766623,2.3383126313786993,0.9449278955139864,0.057166520606597514,0.015900923197548374,0.009240289318985746,0.035867076261364296,16.529393174314222,-53.925498713689876,362.9254987136899,Takeoff,1205.6755530963208,1265.9593307511368,1205.6755530963208,1169.213160860859,960.7002488350968,455.7815707208566,476.59139844232146,609.8311907794997,431.71040141075184,340.15092336132057,471.8002363472723
310.0,53.63580893395754,6.926379119994641,54.705882352941174,38.74999999999999,309.2959371101128,142.97562553746747,131.6203115726454,295.5918251946883,228.8789934614835,0.74,2.05636942850574,2.338803098884136,0.936827789272674,0.05626485122410742,0.015875560474404853,0.00891338906124792,0.03586399378228593,16.65032020685905,-50.903121412428675,360.9031214124287,Takeoff,1188.7157781719443,1248.1515670805416,1188.7157781719443,1154.4957125495216,950.201736044401,452.9995412890453,473.69374788158194,606.3750614782274,429.0245340044331,338.2748361016328,469.0702416282677
311.0,53.72224864988434,6.937541704384312,54.88235294117648,38.87499999999999,307.7836476021195,142.66804409237326,130.41560350974626,294.146515671355,227.7598992255685,0.74,2.0567355684320527,2.339291285452553,0.9292495484751949,0.05543191863358987,0.01585035784892344,0.008615476920687079,0.03586093165090667,16.763799113965742,-48.06355214819769,359.0635521481977,Takeoff,1173.126016445367,1231.7823172676353,1173.126016445367,1141.0738575003056,940.6318490512836,450.44942166352075,471.0385487605235,603.2262016990222,426.5583595244126,336.56944438245614,466.57860829733943
312.0,53.80854950656075,6.948686356876777,55.05882352941177,39.0,306.40149928522715,142.39401376661323,129.30748551861396,292.8256292313797,226.7371094710681,0.74,2.0571000109586444,2.339777208821342,0.9221116960440782,0.05465668469828035,0.0158253137868271,0.008341766624826857,0.03585788966641406,16.87097746843563,-45.37688857053877,357.37688857053877,Takeoff,1158.6818418990067,1216.615933993957,1158.6818418990067,1128.7332925947032,931.8373801174861,448.0935312424259,468.586375539279,600.3344762446737,424.27633558631277,335.00682371236496,464.2865139425092
313.0,53.89471217104698,6.959813163614331,55.23529411764706,39.12499999999999,305.12875391535147,142.1481485649892,128.28060535036226,291.6092507509412,225.7952778973601,0.74,2.0574627692436622,2.340260886534699,0.9153474983828898,0.05393027680782738,0.015800426773439697,0.008088453252082663,0.035854867630629374,16.97279436641121,-42.81884444802182,355.8188444480218,Takeoff,1145.2027378692046,1202.462874762665,1145.2027378692046,1117.3016565893977,923.6949234809404,445.9012704920355,466.3052120163058,597.6591650774646,422.1495972515845,333.56429306506124,462.1624275445352
314.0,53.98073730507948,6.970922210051779,55.41176470588236,39.25,303.95099196909064,141.92676526897006,127.3242267001206,290.4837253381966,224.9237340571271,0.74,2.0578238563023796,2.3407423359463224,0.9089106599921973,0.053246386542398064,0.015775695313373663,0.00785279885606684,0.035851865347964675,17.069903124195413,-40.372521402036,354.372521402036,Takeoff,1132.5612903230087,1189.1893548391593,1132.5612903230087,1106.6575325187293,916.1176913984725,443.8513104152979,464.17274415849613,595.1719239167556,420.15801350728066,332.22607351583315,460.18439205283784
315.0,54.06662556513029,6.982013580964093,55.588235294117645,39.37499999999999,302.85520372123307,141.72647134668117,126.42873237455191,289.4365105413626,224.11285075371245,0.74,2.0581832850091932,2.3412215742220734,0.9027589429773273,0.05259944628151749,0.015751117930223723,0.007632431510081238,0.03584888262538052,17.162898220366642,-38.022679026175524,353.0226790261755,Takeoff,1120.6446165922844,1176.6768474218984,1120.6446165922844,1096.693278789384,909.02855033751,441.9244321311919,462.16886493969025,592.8471926592556,418.28344735872236,330.9779323384306,458.33261112481756
316.0,54.152377602465435,6.993087360453958,55.76470588235294,39.5,301.83163311735495,141.5447507360546,125.58688238130038,288.4582871046926,223.35540850684265,0.74,2.058541068099579,2.3416986183425874,0.8968606655069622,0.051985212802279,0.01572669316626634,0.0074255299442371955,0.03584591927234464,17.252226492139016,-35.757881897987204,351.7578818979872,Takeoff,1109.3671925849264,1164.8355522141728,1109.3671925849264,1087.327480942263,902.3692209747483,440.10619399149437,460.27846681247814,590.6657859380282,416.51226335846235,329.80919147536866,456.59222058158474
317.0,54.23799406320259,7.004143631959211,55.94117647058823,39.62499999999999,300.8722578900904,141.37953440530674,124.79272348478366,287.54138979289417,222.6454708386669,0.74,2.058897218172021,2.3421734851058438,0.8911896718988448,0.05140018803391279,0.01570241958216495,0.007230595488317015,0.035842975100791374,17.338257037325548,-33.5687246410709,350.5687246410709,Takeoff,1098.6586789155906,1153.59161286137,1098.6586789155906,1078.4932360719988,896.091801635204,438.38471080935636,458.4891172411995,588.6119213323254,414.83323670633604,328.7110686952934,454.9509909105939
318.0,54.32347558836787,7.015182478260178,56.117647058823536,39.74999999999999,299.9703870783781,141.2290964815932,124.04129059678489,286.67942332235367,221.9780864379998,0.74,2.059251747689902,2.3426461911296856,0.8857240591126722,0.05084144720987961,0.015678295756680654,0.007046377503962878,0.03584004992508185,17.42129911165386,-31.447360897939916,349.4473608979399,Takeoff,1088.4603998106109,1142.8834198011414,1088.4603998106109,1070.134782299808,890.1563587185201,436.7500614385116,456.7904387552632,586.6724300327141,413.2369948680463,327.67623767099144,453.39871631870545
319.0,54.40882281395178,7.02620398148691,56.29411764705883,39.875,299.1212708054852,141.09225888643184,123.32901191905331,285.86799397064,221.34974039605902,0.74,2.059604668983368,2.3431167528543067,0.8804483633874084,0.05030681259919091,0.015654320286388444,0.006871921343060416,0.03583714356196499,17.501573204452406,-29.388211883490953,348.38821188349095,Takeoff,1078.729295429939,1132.6657602014361,1078.729295429939,1062.2113567871427,884.5338044178326,435.1951642830493,455.1750258126229,584.8379407341885,411.71683978171546,326.69949121479,451.9281274740802
320.0,54.49403637096448,7.037208223126296,56.47058823529412,39.99999999999999,298.3183769306941,140.9672477609608,122.65112916973334,285.1005775554109,220.75559892871365,0.74,2.059955994251154,2.343585186544688,0.8753407731343453,0.04979359793237678,0.015630491785398742,0.00670612999998732,0.03583425583053923,17.579383886320482,-27.383628303721594,347.3836283037216,Takeoff,1069.410695310422,1122.881230075943,1069.410695310422,1054.6708488394513,879.1865969905091,433.71038093510987,453.6327951421499,583.0956232351717,410.26367293717146,325.7736840215779,450.5292887476702
321.0,54.57911688549019,7.048195284029114,56.64705882352941,40.125,297.55933615346254,140.8535469664757,122.00578918698686,284.3752040433418,220.19390875356228,0.74,2.0603057355623866,2.3440515082929982,0.8703936875482736,0.04930056235281562,0.015606808885084091,0.006548426347799502,0.035831386552214996,17.654842987781137,-25.43081389424026,346.43081389424026,Takeoff,1060.4809898503925,1113.5050393429121,1060.4809898503925,1047.4911472920455,874.0991095704809,432.29211902541243,452.15999282605935,581.4407674012275,408.8740838686563,324.896208906089,449.19853624495573
322.0,54.66406497874083,7.059165244416941,56.8235294117647,40.25,296.8396852302068,140.7499596668266,121.38972556338017,283.68746158788724,219.661367070353,0.74,2.0606539048583516,2.344515734020952,0.8655921497406727,0.04882583072080929,0.015583270233811007,0.006398038477226907,0.035828535550677894,17.728160216878035,-23.52453758034318,345.5245375803432,Takeoff,1051.902351907783,1104.4974695031722,1051.902351907783,1040.6362938273915,869.2454650564634,430.9337726168772,450.74970918933354,579.8645939971971,407.54183136762623,324.06218018212365,447.9290677970209
323.0,54.748881267109006,7.070118183889005,56.99999999999999,40.375,296.15630870946006,140.65568397396189,120.8006247354982,283.03437436810236,219.15566844500046,0.74,2.0610005139542364,2.3449778794821317,0.8609257561086961,0.04836802019719822,0.01555987449667678,0.006254380031216309,0.03582570265185254,17.799483059233555,-21.661141273701787,344.6611412737018,Takeoff,1043.6473719385858,1095.8297405355152,1043.6473719385858,1034.08035876615,864.6070782984435,429.6307009047366,449.39709149138395,578.3609570794011,406.26252427813915,323.26818263285634,446.7161163976426
324.0,54.83356636222014,7.081054181428907,57.17647058823529,40.49999999999999,295.5064636252368,140.57001393373892,120.2364496914978,282.413321955961,218.6747830826752,0.74,2.0613455745408373,2.3454379602642654,0.8563853091764237,0.04792591014055525,0.015536620355251177,0.006116934493854581,0.03582288768386721,17.868942012052564,-19.837403458528115,343.8374034585281,Takeoff,1035.6919086328235,1087.4765040644647,1035.6919086328235,1027.8005247373897,860.1675915192872,428.3788143170439,448.09786367555563,576.9244430228746,405.0322917504456,322.5112086827996,445.555482377596
325.0,54.91812087098393,7.0919733154112805,57.352941176470594,40.625,294.88772048003034,140.49232431695273,119.69539616307763,281.82198302511006,218.21691315522247,0.74,2.0616890981862435,2.345895991791474,0.8519626288676774,0.047498416652164796,0.015513506507322873,0.005985244175214605,0.035820090477019034,17.93665323850007,-18.050470073699785,343.0504700736998,Takeoff,1028.0145716728146,1079.4153002564556,1028.0145716728146,1021.7765927746594,855.9125210685432,427.17448742007286,446.84823523891873,575.5502546446207,403.84770109881106,321.7885938530782,444.4434436766327
326.0,55.0025453956451,7.102875663608335,57.529411764705884,40.75,294.2979156038054,140.42205833683832,119.17585726696709,281.2582898889896,217.780457546816,0.74,2.0620310963374933,2.346351989326474,0.8476503998896586,0.04708457201273174,0.015490531666650627,0.005858901321089926,0.035817310863739876,18.00272071413228,-16.29779871310552,342.2977987131055,Takeoff,1020.5963043127362,1071.626119528373,1020.5963043127362,1015.9905838565415,851.8289724018139,426.01448858989727,445.64482764632044,574.2341176496026,402.70569146652946,321.0979646544405,443.3766833969796
327.0,55.08684053383349,7.113761303196319,57.70588235294118,40.875,293.735112318184,140.35871763177494,118.67639468640905,280.72039142213777,217.36398311545616,0.74,2.0623715803222002,2.34680596797275,0.8434420471046934,0.04668350790862873,0.015467694562718947,0.005737540867884746,0.03581454867856294,18.06723797953487,-14.577113135304273,341.5771131353043,Takeoff,1013.420043219732,1064.0910453807185,1013.420043219732,1010.4264143021439,847.9054078576593,424.89592266493065,444.48461432763526,572.9722043570359,401.6035197302348,320.437196107882,442.35223073531034
328.0,55.17100687861333,7.124630310761905,57.88235294117647,41.00000000000001,293.1984100637861,140.3021269420049,118.19628312178126,280.2076002243688,216.9668234472018,0.74,2.0627105613501544,2.3472579426766886,0.8393345613853783,0.046294700190338246,0.015444993940498272,0.00562091699625312,0.03581180375808982,18.13025158245972,-12.887343715119584,340.8873437151196,Takeoff,1006.4762131529523,1056.8000238106,1006.4762131529523,1005.0752424667357,844.1355993469713,423.8173935774638,443.36613818104865,571.7627052224409,400.5398525366033,319.80529193803517,441.36867272881403
329.0,55.255045018532016,7.135482762308457,58.05882352941177,41.12499999999999,292.6845963372467,140.25135068342192,117.7332456538248,279.7165098935391,216.5866012895626,0.74,2.0630480505148956,2.3477079282296773,0.8353168504393715,0.04591693423399467,0.015422428560209533,0.005508571083013039,0.03580907594095844,18.191912512768404,-11.224734383514829,340.22473438351483,Cruise,999.9130517726632,1049.9087043612963,999.7396608888953,999.9130517726632,840.5020886768563,422.77418650472583,442.28446657118417,570.599322250267,399.5102399547745,319.1987413898707,440.4211360873098
330.0,55.338955537668035,7.146318733262253,58.235294117647065,41.24999999999999,292.19305409969047,140.20628323639846,117.28677086329196,279.24669343299115,216.2228600337709,0.74,2.063384058795265,2.34815593927017,0.83138682685717,0.045549816790686225,0.01539999719709299,0.0054003148327016895,0.03580636506781127,18.252254025029742,-9.588548598872535,339.58854859887253,Cruise,994.9334451487613,1044.6801174061993,993.2033924292681,994.9334451487613,837.0003919314563,421.765328470896,441.2385848713314,569.4808053422114,398.5137486745378,318.61685903208655,439.50864185393624
331.0,55.42273901567839,7.15713829847858,58.411764705882355,41.375,291.7224856882748,140.166590614078,116.8558950741968,278.7969092711386,215.87463940932338,0.74,2.0637185970569276,2.3486019902857196,0.8275400105895616,0.04519276066710957,0.015377698641181234,0.005295903660743463,0.0358036709812644,18.31134009903116,-7.977259678991231,338.97725967899123,Cruise,990.1256722901705,1039.6319559046792,986.8559608150072,990.1256722901705,833.6227905874415,420.78887272416574,440.22645854445426,568.4045848798908,397.54853153402473,318.05821969417485,438.62919435251655
332.0,55.50639602784529,7.167941532247785,58.588235294117645,41.5,291.272586844975,140.13225838027344,116.44032846470157,278.3670612171978,215.5417142652815,0.74,2.06405167605387,2.349046095614976,0.8237753651045495,0.04484549131027989,0.015355531697076348,0.005195195893646929,0.03580099352587704,18.369190325175815,-6.3904963689266765,338.3904963689267,Cruise,985.4856977393592,1034.7599826263272,980.6928417055702,985.4856977393592,830.3665110082059,419.84430336637473,439.24755127300034,567.3700227335622,396.6140860939849,317.52247941759396,437.78228780711544
333.0,55.58992714512225,7.178728508301215,58.764705882352935,41.62500000000001,290.8405852115945,140.10245167193574,116.03813353965872,277.95412548989145,215.22203305657987,0.74,2.0643833064298764,2.349488269449651,0.8200832286802822,0.04450701018370563,0.01533349518373105,0.005097829651964249,0.03579833254812163,18.42593392131564,-4.825021038219006,337.825021038219,Cruise,980.9934557925328,1030.0431285821594,974.6930673676931,980.9934557925328,827.2169049295729,418.9275684854933,438.2976235144811,566.371692690574,395.7065900639831,317.00661093142355,436.96372622790625
334.0,55.67333293417954,7.189499299817091,58.94117647058824,41.74999999999999,290.4271477245058,140.0774639229051,115.64968380160072,277.55911152665686,214.91608931613428,0.74,2.0647134987199816,2.349928525836458,0.8164659193917971,0.044177357921303506,0.015311587934233777,0.0050037703154172134,0.03579568789635449,18.481547059609813,-3.2815927923034565,337.28159279230346,Cruise,976.6515898478026,1025.4841693401927,968.8590155020128,976.6515898478026,824.1761045042988,418.0395544373898,437.377607079017,565.4108468876915,394.82685950970006,316.511327854205,436.17446252073586
335.0,55.75661395744903,7.200253979426303,59.11764705882353,41.875,290.0297467813206,140.05652456034107,115.27322222097953,277.17923394708134,214.62201261817725,0.74,2.065042263351894,2.3503668786790084,0.8129145981480946,0.04385564039823009,0.015289808795597614,0.004912698995606842,0.035793059420787046,18.536147021601856,-1.7572610883257767,336.7572610883258,Cruise,972.4420269966719,1021.0641283465055,963.171813605137,972.4420269966719,821.2308955401064,417.1765726126504,436.48364244652396,564.482540948559,393.9714153078562,316.03387095795193,435.41067416922107
336.0,55.839770773168475,7.210992619218118,59.294117647058826,41.99999999999999,289.6491392805221,140.03995000330917,114.90918927721293,276.8155869419561,214.3403630675864,0.74,2.0653696106474064,2.3508033417396916,0.8094318752753825,0.043541940080415426,0.015268156628553034,0.00482459980993396,0.03579044697345748,18.589706241395845,-0.2528906826442494,336.25289068264425,Cruise,968.368176877856,1016.7865857217488,957.6346550470372,968.368176877856,818.3839557108147,416.3396434145163,435.6168015670084,563.5882046037476,393.1412004964151,315.57505250478937,434.6734518481539
337.0,55.92280393542512,7.221715290745824,59.470588235294116,42.125,289.28297102772564,140.02701322265045,114.55595780507512,276.4655481022652,214.06939856051693,0.74,2.0656955508237727,2.351237928641513,0.8060094947170111,0.04323544065648426,0.015246630307344253,0.0047391866077649055,0.03578785040820305,18.642333291360345,1.234265175292137,335.76573482470786,Cruise,964.4134227606595,1012.6340938986925,952.2302038612196,964.4134227606595,815.6231155638458,415.5253373990882,434.7734959494643,562.7232358378031,392.332981040269,315.13230344753424,433.9592386990096
338.0,56.00571399419884,7.232422065032288,59.64705882352941,42.25,288.93209484329384,140.01805748957986,114.214037353714,276.1303092476928,213.80975018403743,0.74,2.0660200939950712,2.351670652869911,0.8026503852493335,0.04293626451855464,0.015225228719529301,0.004656460291268405,0.03578526958063276,18.69399665409815,2.703229446181524,335.2967705538185,Cruise,960.581932720286,1008.6110293563003,946.9624555076308,960.581932720286,812.9515976905527,414.7348162718274,433.9549453264446,561.8892528301814,391.5478335593148,314.706540975839,433.2692713176381
339.0,56.08850149540456,7.243113012575447,59.8235294117647,42.37499999999999,288.59427150836757,140.0123819637002,113.88188954466735,275.8073480757609,213.559760916192,0.74,2.0663432501735435,2.352101527774541,0.7993466767975006,0.042643651993713914,0.015203950765783545,0.004576159445569157,0.035782704348100616,18.744798801831795,4.15661325323066,334.84338674676934,Cruise,956.8581150507755,1004.7010208033142,941.8151622102159,956.8581150507755,810.3579638668338,413.9648247021062,433.15774321169295,561.0818818200274,390.782689028081,314.2953224897582,432.6001703358562
340.0,56.17116698093427,7.253788203353722,60.0,42.5,288.27045912557423,140.0103615077748,113.56009761779943,275.4979701013328,213.32013975292492,0.74,2.0666650292709123,2.3525305665710325,0.796101653052427,0.042357765037843394,0.015182795359706742,0.00449830052879619,0.03578015456967938,18.794703930700113,5.593316662990958,334.40668333700904,Cruise,953.2469178533498,1000.9092637460174,936.7931389385883,953.2469178533498,807.8460018069592,413.21667795199266,432.3832699933862,560.3029469625985,390.0387689771993,313.89968010762095,431.9533315866098
341.0,56.25371098869833,7.264447706831366,60.176470588235304,42.625,287.958483206409,140.0113061545125,113.24717705189659,275.19969790255664,213.0892775727427,0.74,2.0669854410996757,2.3529577823427172,0.7929076597579142,0.042077883073825435,0.01516176142763346,0.004422640405569034,0.03577762010613473,18.843810615823084,7.015873725763356,333.98412627423664,Cruise,949.7334125924978,997.2200832221228,931.8808504858858,949.7334125924978,805.4047406524555,412.4872219360765,431.62822491193344,559.5482047727103,389.3131008148906,313.51724291229846,431.32547752886626
342.0,56.33613405266641,7.275091591963729,60.35294117647059,42.75000000000001,287.6594201816075,140.01562817578045,112.94379200582709,274.9139706268329,212.86797093438958,0.74,2.0673044953743864,2.353383188042331,0.7897683836376764,0.04180420867970279,0.015140847908446815,0.004349210466328013,0.03577510081989988,18.892078299789297,8.423046707956075,333.5769532920439,Cruise,946.3233774488518,993.6395463212945,927.0839785191278,946.3233774488518,803.03857388121,411.7779430678098,430.89416747366397,558.8197100966111,388.60706734126705,313.14917196882794,430.7181820996054
343.0,56.41843670290768,7.285719927202473,60.52941176470587,42.875,287.3719191767004,140.0229105261384,112.64900865056198,274.639284020057,212.65522019075826,0.74,2.067622201712907,2.353806796493692,0.786679037317943,0.04153626752818651,0.015120053753395537,0.00427784486779456,0.03577259657505076,18.93956978161561,9.816412930692252,333.18358706930775,Cruise,943.0072763028924,990.157640118037,922.392534426126,943.0072763028924,800.7405168450332,411.08686809594036,430.17903347495223,558.1148180251297,387.91880515450816,312.7939919872052,430.12939998264176
344.0,56.500619465630635,7.296332780500702,60.70588235294118,42.99999999999999,287.0947787693332,140.0327809522778,112.36199781705538,274.37429663985097,212.45013628930653,0.74,2.0679385696376444,2.354228620393342,0.7836353540956416,0.041273638214666036,0.015099377925914122,0.004208396585907352,0.035770107237281544,18.986340627882598,11.19737524133393,332.80262475866607,Cruise,939.7766524703947,986.7654850939144,917.7976514522942,939.7766524703947,798.5043742995812,410.41224196124125,429.48098708077464,557.4311758146256,387.24665634016407,312.4503907842665,429.5573117141324
345.0,56.58268286322238,7.306930219318024,60.88235294117647,43.12499999999999,286.8290879708571,140.04565337840273,112.08343459245435,274.12045382979727,212.25352509843424,0.74,2.068253608576772,2.3546486723121784,0.7806410529541612,0.04101653456589907,0.015078819401446217,0.004140903590316201,0.0357676326738806,19.032350275714954,12.564680781445986,332.435319218554,Cruise,936.6374435893388,983.4693157688058,913.3051942396768,936.6374435893388,796.3346466802313,409.75557132553956,428.80160883418705,556.7708642565204,386.5920234841995,312.11954351174603,429.0035116476253
346.0,56.664627414287295,7.317512310625574,61.05882352941176,43.25,286.5728453945128,140.0608740985637,111.81197129594915,273.8754202391272,212.0639055919395,0.74,2.068567327865423,2.3550669646970466,0.7776890743276696,0.04076432673994334,0.015058377167271,0.004075162492985805,0.03576517275370696,19.077687196674418,13.920658640816612,332.0793413591834,Cruise,933.5763223815937,980.2551385006734,908.9013352097769,933.5763223815937,794.2215038611433,409.1139677580825,428.1378755618533,556.1299854102504,385.95218624272223,311.7992701612282,428.4649915046999
347.0,56.746453633685334,7.328079120910928,61.23529411764706,43.375,286.3272931837209,140.0789089660149,111.54838421770602,273.6408248919018,211.88219695595348,0.74,2.0688797367468736,2.355483509872314,0.7747836647165247,0.04051727399640783,0.015038050222332594,0.004011225934078854,0.03576272734716714,19.122304841762436,15.263878251939502,331.7361217480605,Cruise,930.6002156843867,977.1302264686061,904.5929608697692,930.6002156843867,792.1701764148588,408.4891566368744,427.49159681072723,555.5109170450829,385.3287528073889,311.4909123251428,427.94357445251325
348.0,56.82816203256973,7.338630716182996,61.41176470588235,43.50000000000001,286.091208958279,140.09936852498296,111.2918404332961,273.4152707224841,211.7074946291265,0.74,2.069190844373703,2.35589832004142,0.7719204783939723,0.04027496904538568,0.015017837577072415,0.003948957494313422,0.03576029632619235,19.16625876295767,16.59576485134488,331.4042351486551,Cruise,927.7007655571629,974.085803835021,900.371341932501,927.7007655571629,790.1745189076041,407.8793616283841,426.8609141150414,554.9112707119947,384.7200468695042,311.19313640893006,427.4374149908624
349.0,56.90975311842426,7.349167161976817,61.58823529411765,43.625,285.8634623186101,140.12188983112864,111.04157248748146,273.197457974054,211.53896211577148,0.74,2.0695006598089365,2.356311407288398,0.7690954933812371,0.04003703889184432,0.01499773825326443,0.003888233177940306,0.03575787956421616,19.20959977731781,17.917636065555484,331.0823639344445,Cruise,924.8702984492124,971.1138133716731,896.2284627193595,924.8702984492124,788.2288853596442,407.282941741318,426.2441106355294,554.3288383250017,384.12451970562125,310.9047093584703,426.9448072150802
350.0,56.991227395100026,7.359688523358327,61.76470588235295,43.75,285.6453543030472,140.1469589073329,110.79839539571432,272.9890860575913,211.37756218425497,0.74,2.069809192027173,2.3567227835793805,0.7663131526892536,0.03980376185000107,0.014977751283853183,0.0038291127474545587,0.03575547693615255,19.25227961058241,19.22799296828066,330.77200703171934,Cruise,922.1161306484914,968.221937180916,892.1716197183439,922.1161306484914,786.3387905464014,406.7017064626609,425.6430839151558,553.7661121075552,383.54385889742355,310.62703683076484,426.46766251276864
351.0,57.07258536285175,7.370194864929021,61.94117647058823,43.875,285.43572461339056,140.17419979333425,110.56152482005635,272.78881039151577,211.22243621390905,0.74,2.0701164499156937,2.357132460764074,0.7635693281879392,0.039574762603859656,0.014957875712794654,0.003771473531288972,0.035753088318374295,19.29435018552631,20.528187295478347,330.47181270452165,Cruise,919.4304665039053,965.4019898291007,888.1926846436251,919.4304665039053,784.498490616707,406.13397471390374,425.05607500707373,553.22082757582,382.9764786487983,310.35885370881977,426.00423198629767
352.0,57.1538275183736,7.380686250830609,62.11764705882352,44.00000000000001,285.23427995499844,140.20353770873535,110.33074224626313,272.5963513209068,211.0733671666989,0.74,2.07042244227555,2.357540450577216,0.7608629110497236,0.03934990094878333,0.014938110594899799,0.0037152600421177947,0.0357507135886918,19.33582785989831,21.818566149593266,330.18143385040673,Cruise,916.8108888403589,962.6514332823768,884.2890283149113,916.8108888403589,782.706243213338,405.57929717142525,424.48261518021707,552.6923970454549,382.42194868529566,310.0998360013971,425.5540574108286
353.0,57.2349543548346,7.391162744749561,62.29411764705882,44.125,285.03999512369717,140.23463695570848,110.10535816798873,272.41051100202793,210.9295963915359,0.74,2.0707271778226453,2.3579467646400096,0.7581902494501792,0.039128849927712844,0.01491845499568075,0.0036603666854109033,0.03574835262633221,19.37675783599237,23.10032342610708,329.8996765738929,Cruise,914.2505798678629,959.9631088612562,880.4535407785208,914.2505798678629,780.9570200013892,405.0361905927062,423.9211525264282,552.1788204708977,381.87886963457134,309.84886612494387,425.11559440828637
354.0,57.3159663619135,7.401624409921631,62.47058823529412,44.25,284.85415294281165,140.26797780386372,109.88617513894795,272.23296676019027,210.7920731776806,0.74,2.0710306651887866,2.358351414461531,0.755555712576162,0.03891188504570075,0.01489890799119965,0.0036068539355233256,0.035746005311918974,19.417093561229077,24.371981330722804,329.6280186692772,Cruise,911.7567517123758,957.3445892979946,876.6934240687934,911.7567517123758,779.2562534642307,404.5064383675401,423.373557141512,551.6825551397845,381.34890511739985,309.6073300209654,424.6907275045037
355.0,57.396864025833324,7.412071309136306,62.64705882352942,44.37499999999999,284.67569778564194,140.30321190532814,109.67248588031379,272.06247699580115,210.66001636137503,0.74,2.071332912922733,2.358754411440126,0.7529555420167128,0.038698675699258556,0.014879468667919999,0.0035546166834582622,0.03574367152745175,19.456881363801784,25.63476857099795,329.36523142900205,Cruise,909.3224474023749,954.7885697724937,873.0014359088833,909.3224474023749,777.5988063286904,403.98851599894346,422.83823380576735,551.2015433496416,380.8306175089437,309.3740774068722,424.2778682864617
356.0,57.47764782939538,7.422503504741203,62.8235294117647,44.5,284.5043912036054,140.3402785103977,109.46411269320771,271.89881431605073,210.533249490668,0.74,2.071633929491218,2.3591557668647734,0.7503888206073124,0.03848910698094888,0.014860136122560562,0.0035036099687531866,0.035741351156286544,19.496134866904956,26.888967654312637,329.11103234568736,Cruise,906.9457050322163,952.2929902838271,869.375433716476,906.9457050322163,775.9832632043073,403.48205676856077,422.31480010342096,550.7353062137952,380.3236549774687,309.14884457974364,423.8766430810912
357.0,57.55831825201288,7.432921058646414,63.00000000000001,44.625,284.33926844585415,140.37885529830464,109.26041314754947,271.7408329469741,210.41105864993207,0.74,2.071933723279965,2.359555491916436,0.7478521140027293,0.03828288257372787,0.01484090946195168,0.003453741024520669,0.03573904408311637,19.53489559106379,28.135700874402232,328.86429912559777,Cruise,904.6202455845179,949.8512578637439,865.8088837330031,904.6202455845179,774.4049818134764,402.98567035079117,421.80180119726884,550.2819644846464,379.82670646144203,308.9305806626402,423.48560166987164
358.0,57.63887576974415,7.443324032328781,63.17647058823529,44.75,284.18163664505454,140.41943267241174,109.0622039726428,271.5902436580988,210.29441111734042,0.74,2.0722323025946787,2.3599535976693877,0.7453498657030323,0.03808028445639915,0.01482178780289404,0.0034050729385000983,0.0357367501939521,19.573117069449335,29.37346251527663,328.62653748472337,Cruise,902.3534149326805,947.4710856793146,862.3091325482201,902.3534149326805,772.8694920371879,402.501173454219,421.30114200734755,549.844022207833,379.34146720149613,308.7206978883779,423.10666443185715
359.0,57.719320855325385,7.453712486836143,63.352941176470594,44.875,284.0304998790933,140.46167577911424,108.86882409997912,271.445857180281,210.18256991052908,0.74,2.072529675662031,2.360350095092524,0.7428785330275,0.03788101162911799,0.014802770272019764,0.0033575128141593398,0.035734469376103695,19.610841978055085,30.603410618925352,328.39658938107465,Cruise,900.1387807116508,945.1457197472334,858.8694979444897,900.1387807116508,771.3720332499972,402.0271331312213,420.8113229664475,549.4195408522964,378.866586537128,308.5181118192921,422.73833580895047
360.0,57.79965397820302,7.464086482791506,63.529411764705884,45.0,283.8856615149085,140.5055345636337,108.68012695127486,271.3074859809849,210.07538952103235,0.74,2.072825850630624,2.360744995050648,0.7404373465425321,0.0376849685927398,0.014783856005655854,0.003311023716078271,0.03573220151816174,19.648081826587514,31.825778412108434,328.17422158789157,Cruise,897.9747276284596,942.8734640098826,855.4882087194544,897.9747276284596,769.9114391355791,401.56324579298746,420.3320276107873,549.0081245888468,378.4017726430242,308.322604746705,422.3803067043289
361.0,57.879875604565704,7.47444608039718,63.705882352941174,45.125,283.7461807222487,140.5506882960107,108.49549242623797,271.1739943359537,209.97217373446404,0.74,2.0731208355719435,2.3611383083057405,0.738022964756132,0.03749187785215752,0.014765044149689864,0.003265521595089073,0.03572994650997935,19.68487595277017,33.041659070951766,327.95834092904823,Cruise,895.8552663760557,940.6480296948586,852.159049171401,895.8552663760557,768.4832707895969,401.1081614600552,419.8618431397139,548.6079439177826,377.9457533072339,308.1331527361117,422.03116625355557
362.0,57.959986197375855,7.484791339438839,63.882352941176464,45.25000000000001,283.6134289620726,140.59765275662724,108.31577620544536,271.04717944378183,209.8739374319337,0.74,2.0734146384812973,2.361530045518212,0.7356400432462381,0.03730203626203737,0.014746333859437835,0.0032210738466341487,0.03572770424265429,19.721176562012673,34.249472858025,327.750527141975,Cruise,893.7880960802162,938.4775008842271,848.8897307138694,893.7880960802162,767.0933213669492,400.6637857754437,419.40276758958066,548.2216263841062,377.500307401631,307.9512375671365,421.692929555684
363.0,58.03998621640084,7.495122319289559,64.05882352941175,45.37500000000001,283.48643316660343,140.64609457184727,108.14033859475616,270.92586158977906,209.77996054328656,0.74,2.073707267278738,2.3619202172481333,0.7332851290070107,0.03711516076471083,0.014727724299514407,0.003177595816733838,0.03572547460851146,19.757024188999868,35.45034998246598,327.549650017534,Cruise,891.7670608914059,936.3554139359762,845.673874468045,891.7670608914059,765.7370245846922,400.2287244045589,418.9533416249552,547.8472810124987,377.0641214413685,307.77580055154925,421.36413868124913
364.0,58.119876118243745,7.5054390789137955,64.23529411764706,45.49999999999999,283.36502917956045,140.69597199089625,107.9690571886642,270.80988420899234,209.69012159287473,0.74,2.0739987298099734,2.3623088339564475,0.7309575686163848,0.03693117102911149,0.01470921464370507,0.0031350568005011374,0.03572325750108563,19.79242867874939,36.64448537076578,327.3555146292342,Cruise,889.7908143541031,934.2803550718082,842.5099980052487,889.7908143541031,764.4134074226049,399.80272290811456,418.51330011851735,547.4845765687854,376.63695036639973,307.60665972651833,421.04453477791975
365.0,58.19965635637379,7.515741676871301,64.41176470588235,45.625,283.24905974644497,140.7472450223398,107.80181472410518,270.6990973033927,209.6043042123693,0.74,2.0742890338472653,2.362695906006169,0.7286567334896623,0.036749989972126126,0.014690804074840507,0.0030934274234842274,0.0357210528151046,19.827399518811536,37.83206580529975,327.16793419470025,Cruise,887.858067212912,932.2509705735577,839.3966804619658,887.858067212912,763.1215379935791,399.3855373137305,418.0823888738163,547.1331955616788,376.2185590838047,307.44364072993466,420.73386968719973
366.0,58.27932738115634,7.526030171321006,64.58823529411765,45.74999999999999,283.1376251600892,140.79960033903083,107.63802482105841,270.5923960761134,209.52184261846602,0.74,2.0745781870903093,2.363081443663562,0.7263794388456497,0.03657136373602078,0.014672491784673008,0.0030526335852303246,0.03571886044647238,19.86197299309913,39.014135336319384,326.9858646636806,Cruise,885.9632273326196,930.2613886992507,836.3281345191197,885.9632273326196,761.8572612033528,398.9758827901612,417.6592630977768,546.7913916902969,375.8077375311787,307.2857652954976,420.43079770397026
367.0,58.35888963988263,7.536304620024853,64.76470588235294,45.87499999999999,283.03211929853757,140.8535653992023,107.47855389933524,270.49161483311076,209.44376828091777,0.74,2.07486619716711,2.363465457099296,0.7241304028575047,0.036395591598226536,0.014654276973754909,0.0030127432654577283,0.035716680292252924,19.896102001891617,40.189088941600176,326.8109110583998,Cruise,884.1140720098034,928.3197756102936,833.3121545119386,884.1140720098034,760.6264295170699,398.5756935594635,417.24595072319045,546.4618345953901,375.40629159941,307.13453915266876,420.1373658698112
368.0,58.43834357679896,7.546565080351577,64.94117647058823,46.00000000000001,282.93161122398976,140.90881479112332,107.32279643286645,270.39560668987974,209.3693923057524,0.74,2.0751530716348343,2.3638479563895953,0.7219063331859285,0.03622241390652763,0.014636158851319005,0.0029736814998500083,0.03571451225065397,19.929823977187613,41.35800657923369,326.6419934207663,Cruise,882.3048433806181,926.420085549649,830.3427896521162,882.3048433806181,759.4247617369577,398.18364168194324,416.8410617379616,546.142718334978,375.0129710777042,306.9889503436701,419.8521827940317
369.0,58.51768963313572,7.556811609280443,65.11764705882354,46.125,282.83596790956983,140.9653147161039,107.17065319346594,270.3042447593486,209.2986162530817,0.74,2.075438817980661,2.3642289515173642,0.7197066890057515,0.03605176497896029,0.014618136635160917,0.0029354235569079255,0.03571235622101121,19.9631471420545,42.52104643550092,326.4789535644991,Cruise,880.5344523980216,924.5611750179227,827.4188348195246,880.5344523980216,758.2514700321392,397.79951996293056,416.4443803495812,545.8337736887785,374.6275759128211,306.848851195283,419.57503788667316
370.0,58.596928247135956,7.567044263404936,65.29411764705883,46.25,282.7450615352934,141.0230327019953,107.0220288332981,270.2174071097388,209.23134553611712,0.74,2.075723443622611,2.364608452373297,0.7175309484967697,0.03588358160294178,0.01460020955152336,0.002897945707821037,0.03571021210377273,19.99607944481065,43.678360547192256,326.32163945280774,Cruise,878.8018531010047,922.7419457560549,824.5391314196353,878.8018531010047,757.1057975776532,397.42312912911456,416.0556990357451,545.5347418230228,374.2499136049403,306.7140997734912,419.3057286446595
371.0,58.67605985408359,7.577263098936408,65.47058823529412,46.375,282.65876921838867,141.08193753456865,106.87683168381999,270.13497650879856,209.1674892216076,0.74,2.076006955910368,2.3649864687569737,0.715378607910283,0.035717802910384004,0.01458237683498229,0.002861225173955202,0.035708079800483634,20.028628572288405,44.83009511914207,326.1699048808579,Cruise,877.1060403650542,920.961342383307,821.702564982314,877.1060403650542,755.9870169403193,397.05427742275845,415.6748181202716,545.2453737559078,373.87979882266023,306.58455958715103,419.0440602364682
372.0,58.755084886331325,7.587468171707692,65.6470588235294,46.5,282.5762362160672,141.141724766058,106.73451145000918,270.0558844883431,209.10641479988973,0.74,2.0762893621260914,2.3653630103779375,0.7132466565977654,0.035554199245290304,0.014564637728334875,0.002825197625619602,0.03570595921377102,20.06082746167447,45.97724061115713,326.02275938884287,Cruise,875.4418369292385,919.2139287757005,818.9037939065632,875.4418369292385,754.891271177005,396.69175070692836,415.30046663181497,544.9640138339439,373.5160888292259,306.45930221587577,418.7887578591401
373.0,58.83400377332822,7.5976595371766384,65.8235294117647,46.625,282.498857403047,141.20292698739985,106.59593041564719,269.9819783836588,209.0491544782548,0.74,2.076570669485207,2.365738086856759,0.7111397965012765,0.03539306525922695,0.014546991482489306,0.002789929407396043,0.03570385024732914,20.09263089514076,47.118191731250874,325.8818082687491,Cruise,873.8169493220456,917.507796788148,816.1505418989614,873.8169493220456,753.824362065028,396.3374804334688,414.93466956686126,544.6933319599254,373.16058711565955,306.33983396800147,418.5418681597171
374.0,58.912816941646916,7.60783725042965,66.0,46.74999999999999,282.42574901863736,141.26522859661586,106.46052042202146,269.91215087734645,208.99505427379165,0.74,2.0768508851372003,2.366111707726083,0.7090549174492221,0.03523416569054761,0.014529437356356308,0.0027553552237312654,0.03570175280590482,20.124072858051033,48.25397231703079,325.7460276829692,Cruise,872.2260440182724,915.8373462191861,813.4373125915845,872.2260440182724,752.7823141352953,395.990212350603,414.5761138795879,544.4316170240245,372.8121135648867,306.2251951078828,418.3020738437424
375.0,58.9915248150105,7.618001366185154,66.17647058823529,46.875,282.35680571274213,141.3286028590785,106.32820285366368,269.8463014691871,208.9440362274292,0.74,2.077130016166385,2.3664838824316625,0.706991580284807,0.0350774479947416,0.014511974616742482,0.0027214556490848685,0.03569966679528314,20.155160101464364,49.38470785797108,325.6152921420289,Cruise,870.6682604836133,914.2016735077939,810.7631479336542,870.6682604836133,751.7645040838495,395.64978141461796,414.2246277797423,544.1786550511724,372.47050833922174,306.11526847839457,418.0692073440007
376.0,59.07012781431914,7.62815193879702,66.35294117647058,47.0,282.2919259469574,141.3930240106315,106.19890193632592,269.78433328746377,208.89602520074848,0.74,2.077408069592671,2.366854620333377,0.7049493600044316,0.03492286145123207,0.014494602538245258,0.002688211990399391,0.035697592122273296,20.18589917062942,50.51051933705622,325.4894806629438,Cruise,869.1427696652003,912.5999081484604,808.1271240044981,869.1427696652003,750.7703312816287,395.3160284027614,413.88004555228133,543.9342396864612,372.13561716105045,306.009941128306,417.8431070305674
377.0,59.14862635767631,7.638289022257967,66.52941176470588,47.12500000000001,282.23101181228054,141.45846721121444,106.07254460106606,269.72615291599436,208.85094874108756,0.74,2.0776850523723116,2.3672239307062317,0.7029278451192174,0.03477035707835117,0.014477320403149564,0.002655606251586748,0.03569552869469472,20.216296414076133,51.63152344557034,325.36847655442966,Cruise,867.648772473551,911.0312110972287,805.5283493888203,867.648772473551,749.7992166845003,394.98879963824214,413.54220727002695,543.6981718333141,371.8072910516584,305.9091041118403,417.62361692954465
378.0,59.22702086041471,7.648412670202913,66.70588235294117,47.25,282.1739688576399,141.52490850123058,105.94906035640932,269.6716702313851,208.80873695465354,0.74,2.0779609713986518,2.367591822741352,0.7009266370532321,0.03461988755329199,0.014460127501326157,0.0026236211001368953,0.03569347642136348,20.24635799218768,52.747832785161336,325.25216721483866,Cruise,866.1854983552704,909.494773273034,802.9659636484606,866.1854983552704,748.8506018083287,394.66794673145296,413.2109585232833,543.4702593130617,371.48538608542617,305.8126523001106,417.4105864584167
379.0,59.305311735122004,7.658522935912271,66.88235294117648,47.375,282.11998008632605,141.59204995223905,105.82793013408698,269.619844982183,208.76878526388126,0.74,2.078235833502854,2.367958305546955,0.6989428783942659,0.034471244878970936,0.01444302313013153,0.0025922008717479024,0.03569143521207878,20.2761136375627,53.86039258171638,325.1396074182836,Cruise,864.7481335412593,907.9855402183223,800.435017138128,864.7481335412593,747.9208909198065,394.3523160528078,412.8850915031885,543.2489231482049,371.1688172375891,305.7196992836809,417.2028009649944
380.0,59.38349939166603,7.6686198723152375,67.05882352941177,47.5,282.0704399694437,141.66042994070028,105.71001002874347,269.57253865385104,208.73212557738836,0.74,2.0785096454546226,2.3683233881493124,0.6969812442644894,0.03432471705151702,0.014426006594309392,0.0025614094190554316,0.035689404977609786,20.305520456830262,54.96759915352169,325.0324008464783,Cruise,863.344284544327,906.5114987715435,797.9431309759505,863.344284544327,747.0158144198875,394.04383307862054,412.56662492312944,543.036830240336,370.85938255788085,305.6317502678985,417.0023040063402
381.0,59.46158423721992,7.678703531993017,67.23529411764706,47.625,282.0245051688973,141.72974043613505,105.59476473276223,269.5286758303913,208.69813382498398,0.74,2.078782413962911,2.3686870794936974,0.6950387872590658,0.03418009086902085,0.01440907720589373,0.002531190105597935,0.035687385629682614,20.334609112728096,56.07042803019334,324.92957196980666,Cruise,861.9689946884514,905.067444422874,795.4852135935766,861.9689946884514,746.1316683989486,393.7413077461233,412.25431276384074,542.8323512539434,370.5559630601597,305.54789041228713,416.8078423410049
382.0,59.53956667628678,7.688773967182018,67.41176470588235,47.75,281.98209365106436,141.79996064987492,105.48213300118951,269.4881782442167,208.66674930178766,0.74,2.079054145676626,2.369049388445317,0.6931151554705232,0.03403732496273872,0.014392234284113415,0.0025015279658371792,0.03568537708096753,20.363385084735327,57.16897712374623,324.83102287625377,Cruise,860.6215955903076,903.652675369823,793.060515596784,860.6215955903076,745.2679680290431,393.4446106696162,411.94802044507253,542.6353188677613,370.258432991427,305.4680282984965,416.61928476243696
383.0,59.61744711072422,7.698831229777007,67.58823529411764,47.875,281.9431261124998,141.87107048783972,105.37205562466012,269.4509702274774,208.63791332324988,0.74,2.0793248471853167,2.3694103237902384,0.6912100073356485,0.03389637928352118,0.01437547715529821,0.002472408557084635,0.03568337924506637,20.391853700778068,58.2633411142931,324.7366588857069,Cruise,859.3014413665693,902.2665134348978,790.6683120998906,859.3014413665693,744.4242447049975,393.153616651603,411.6476177558672,542.4455712330323,369.9666706075317,305.39207552461244,416.43650433168426
384.0,59.69522593976841,7.708875371334241,67.76470588235293,48.0,281.9075258600036,141.94305052003403,105.26447533996956,269.4169785982032,208.61156913640266,0.74,2.079594525019855,2.369769894236289,0.6893230112094836,0.03375721504541184,0.014358805152786354,0.002443817936138033,0.035681392036500156,20.420020143313746,59.3536115914755,324.6463884085245,Cruise,858.0079076370771,900.9083030189311,788.3079016554686,858.0079076370771,743.6000453281438,392.86820450130796,411.35297866497694,542.2629517350558,369.68055800060307,305.31994657317546,416.2593781919322
385.0,59.77290356005805,7.718906443074529,67.94117647058823,48.12499999999999,281.875218697231,142.01588195170223,105.15933674552876,269.3861325526312,208.58766183595094,0.74,2.0798631856531076,2.3701281084139594,0.6874538449617441,0.03361979467227446,0.014342217616833533,0.0024157426372019685,0.03567941537069687,20.447889455097503,60.43987718819926,324.56012281180074,Cruise,856.7403905827817,899.5774101119209,785.978605242412,856.7403905827817,742.7949316293157,392.5882568630224,411.0639811415559,542.08730876769,369.3999809358035,305.2515586863828,416.0877873931029
386.0,59.85048036565789,7.728924495886304,68.11764705882354,48.25,281.8461328174194,142.0895465960357,105.05658622138378,269.3583635633182,208.5661382848904,0.74,2.080130835500599,2.370484974877281,0.685602195594237,0.03348408174725288,0.014325713894523261,0.0023881696510085933,0.0356774491639795,20.47546654465104,61.522223707166404,324.4777762928336,Cruise,855.4983060548656,898.2732213576089,783.6797653085698,855.4983060548656,742.0084795285537,392.31366005364345,410.7805069854617,541.91849551997,369.1248286967949,305.1868317480115,415.9216167258664
387.0,59.9279567480821,7.738929580328616,68.29411764705883,48.375,281.81947332018893,142.1637474843885,104.95572583580045,269.33264043499116,208.54641025693982,0.74,2.080397480921164,2.3708405021047008,0.6837653093814169,0.03334988545114446,0.014309293339678687,0.0023610503959304863,0.0356754933335542,20.502778349361687,62.601569217283725,324.3984307827163,Cruise,854.2771051550345,896.9909604127863,781.4067222976327,854.2771051550345,741.2372821039054,392.04329901930987,410.50138858960923,541.754979510354,368.85405333354976,305.1249044013522,415.7596884951148
388.0,60.005333096317365,7.748921746634115,68.47058823529412,48.5,281.79665032803103,142.23903602293683,104.85761430509419,269.31086269267576,208.52952124274296,0.74,2.08066312821759,2.371194698499936,0.6819478821448028,0.03321748905813512,0.014292955312775722,0.00233444639077771,0.03567354779749872,20.529784203474904,63.67629342259511,324.3237065774049,Cruise,853.0843640273657,895.738582228734,779.1670628366032,853.0843640273657,740.487051734134,391.7791142800242,410.2286604203113,541.5994548607657,368.58946710629647,305.06729793527353,415.6040661579154
389.0,60.08260979684554,7.758901044711998,68.6470588235294,48.62500000000001,281.7768452345138,142.3151061478661,104.76173908664774,269.29196751111687,208.5148654735402,0.74,2.0809277836372537,2.3715475723928208,0.6801470794518003,0.03308669700779804,0.014276699180857551,0.002308308123711964,0.03567161247475089,20.556511860083823,64.74734166382416,324.25265833617584,Cruise,851.9154047947721,894.5111750345108,776.9559990273459,851.9154047947721,739.754283990079,391.51995799620886,409.96112048713456,541.4503437649029,368.3299914960105,305.0131254055121,415.45353728631545
390.0,60.15978723366631,7.7688675241509175,68.82352941176471,48.75,281.7599949047681,142.39194188528532,104.6680530194828,269.27589464622685,208.50239622952842,0.74,2.0811914533727474,2.371899132040146,0.6783626216537749,0.03295747708706392,0.014260524317450417,0.0022826242303379376,0.0356696872850974,20.5829657367808,65.81478947020531,324.1852105297947,Cruise,850.7697144789173,893.3082002028632,774.7729510901177,850.7697144789173,739.038606161346,391.26572982477387,409.698664502595,541.3075168243415,368.07552857394523,304.9623162850934,415.30800025715433
391.0,60.23686578831936,7.778821234221844,69.0,48.875,281.7460381309336,142.46952775111126,104.57651037982235,269.2625856893903,208.49206821689086,0.74,2.0814541435624943,2.372249385626475,0.676594236575063,0.032829798024552645,0.014244430102480735,0.0022573837134173005,0.03566777214916276,20.609150140645212,66.87871008648011,324.1212899135199,Cruise,849.6467959439599,892.1291357411579,772.6173565970552,849.6467959439599,738.339656973893,391.0163323942662,409.4411912777679,541.1708485153378,367.8259832628481,304.91480217935884,415.16735647188165
392.0,60.31384583990644,7.788762223880925,69.17647058823529,49.0,281.73491555466813,142.54784873136637,104.48706682330173,269.25198399385965,208.48383751045438,0.74,2.081715860291359,2.3725983412649616,0.6748416592331744,0.03270362945379158,0.014228415922193472,0.002232575927785102,0.0356658669883983,20.6350692722558,67.93917456437146,324.06082543562854,Cruise,848.5461672538496,890.973475616542,770.4886697795117,848.5461672538496,737.6570861278097,390.7716711871875,409.1886025993906,541.0402170344495,367.5812632248929,304.87051674060496,415.03151023640356
393.0,60.390727765113084,7.798690541772277,69.35294117647058,49.125,281.7265695935247,142.62689026345754,104.39967933006712,269.24403460481113,208.47766149920824,0.74,2.0819766095912495,2.372946006998149,0.6731046315724152,0.03257894187823813,0.014212481169071726,0.0022081905660262086,0.03566397172507152,20.660727229512364,68.99625184950094,324.00374815049906,Cruise,847.4673610619485,889.840729115046,768.3863608699256,847.4673610619485,736.9905538582899,390.53165442813685,408.9408031130536,540.9155041518251,367.341278755141,304.82939558697365,414.900368646891
394.0,60.4675119382301,7.808606236230781,69.52941176470588,49.25000000000001,281.72094437096837,142.7066382183786,104.31430615258978,269.23868419284514,208.4734988345166,0.74,2.082236397441706,2.3732923907987575,0.6713829022101625,0.03245570663800063,0.014196625241757604,0.0021842176448662754,0.03566208628225546,20.686128011277887,70.05000886401945,323.94999113598055,Cruise,846.4099240310509,888.7304202326035,766.3099154761796,846.4099240310509,736.3397305184122,390.29619297743807,408.69770021212344,540.7965950717147,367.1059426802083,304.791376225344,414.77384148119694
395.0,60.544198731174895,7.818509355284813,69.70588235294117,49.375,281.71798564981884,142.7870788837819,104.23090676603697,269.2358809907307,208.47130938086596,0.74,2.0824952297704886,2.373637500570468,0.6696762261950543,0.03233389587815805,0.01418084754497423,0.0021606474922348552,0.03566021058381831,20.711275520851448,71.10051058520276,323.89948941479724,Cruise,845.3734162819884,887.6420870960878,764.2588339865307,845.3734162819884,735.7042961824465,390.06520022993215,408.4592039320616,540.6833782997741,366.87517026183104,304.75639797798823,414.6518410955556
396.0,60.62078851351242,7.82839994665896,69.88235294117646,49.5,281.71764076891685,142.8681989478687,104.14944182104816,269.2355747332021,208.47105416899848,0.74,2.082753112454152,2.3739813441486852,0.667984364776422,0.03221348251858652,0.014165147489449015,0.0021374707349612085,0.03565834455441318,20.73617356928139,72.14782012024693,323.85217987975307,Cruise,844.3574108691515,886.575281412609,762.2326310033144,844.3574108691515,735.0839402684636,389.83859201862896,408.22522684982346,540.575745516766,366.64887910504905,304.7244019127737,414.5342823262537
397.0,60.697281652476,7.838278057776711,70.05882352941177,49.625,281.71913939371336,142.9497029838758,104.06943640983759,269.2367460679774,208.4721631513479,0.74,2.0830100513186136,2.374323929301301,0.666304683321293,0.032094293590185334,0.014149524491837994,0.002114645779583254,0.03565648811946796,20.760845894581514,73.19282541140285,323.80717458859715,Cruise,843.3576400803147,885.5255220843304,760.2269532950487,843.3576400803147,734.4754577064768,389.61529592524835,407.9946458209002,540.4722157184004,366.42606209138756,304.6945544701094,414.42002834399153
398.0,60.773678512987836,7.848143735763109,70.23529411764704,49.75,281.7238925392073,143.0321516886428,103.99174085056451,269.2413174684706,208.4756804790134,0.74,2.0832660521397157,2.374665263729437,0.664641835786782,0.031976601994334476,0.014133977974651386,0.0020922301268545304,0.03565464120517546,20.785255290869912,74.23390699398522,323.7660930060148,Cruise,842.3815362794189,884.50061309339,758.249235648895,842.3815362794189,733.8844588663462,389.397244875574,407.76948734564525,540.3754810136687,366.2085245149846,304.6683767957596,414.31113976562864
399.0,60.84997945767936,7.857997027447362,70.41176470588235,49.87500000000001,281.7311094409362,143.11524176475675,103.91586767617953,269.248242252964,208.48102098629283,0.74,2.083521120643778,2.3750053550681867,0.6629931182675866,0.031860230680264404,0.01411850736618022,0.002070181364025342,0.035652803738483556,20.809426175255943,75.27197630698777,323.72802369301223,Cruise,841.4247209037704,883.4959569489589,756.2950144267095,841.4247209037704,733.3076549220441,389.1833382256876,407.5485986788663,540.2840213481853,365.995232938426,304.6450132821624,414.20644984149783
400.0,60.92618484691126,7.8678379793654525,70.58823529411765,50.0,281.7407432176068,143.19896137393215,103.84178184367468,269.2574756796888,208.48814998102904,0.74,2.0837752625081425,2.3753442108873393,0.661358314892513,0.031745155406293135,0.01410311210042409,0.0020484912057353827,0.03565097564708562,20.83336201785945,76.3070895976598,323.6929104023402,Cruise,840.4868142980102,882.5111550129108,754.3638562659238,840.4868142980102,732.744769476435,388.97350075804417,407.3319017251118,540.1977400541685,365.7861135730842,304.62441140084695,414.10588251042344
401.0,61.00229503879341,7.877666637762689,70.76470588235294,50.125,281.7527482864739,143.28329900758018,103.76944927889372,269.2689742441832,208.4970337319907,0.74,2.0840284833617133,2.3756818386921004,0.6597372149752279,0.03163135257356983,0.014087791617019993,0.002027151612033629,0.03564915685941098,20.85706621115164,77.33930157091606,323.66069842908394,Cruise,839.5674474507251,881.5458198232615,752.4553395436685,839.5674474507251,732.1955338276811,388.76765927090634,407.11932048945107,540.1165430853835,365.5810945709672,304.6065200630784,414.00936376025527
402.0,61.07831038920445,7.8874830485962475,70.94117647058823,50.25,281.7670803160629,143.3682434747931,103.69883684126982,269.2826956343567,208.50763943388657,0.74,2.084280788785488,2.3760182459238,0.6581296128399466,0.03151879920338234,0.014072545361172199,0.0020061547791976925,0.03564734730461561,20.880542072469613,78.36866544521706,323.63133455478294,Cruise,838.6662616033813,880.5995746835504,750.5690539532587,838.6662616033813,731.6596866876782,388.5657425062124,406.9107810021771,540.0403389227055,365.3801059558928,304.59128956771053,413.9168215543071
403.0,61.15423125181118,7.8972872575376805,71.11764705882354,50.375,281.7836961810288,143.45378389087082,103.62991229015796,269.29859868757796,208.5199351739613,0.74,2.0845321843130793,2.376353439960589,0.6565353076546506,0.031407472915470115,0.014057372783583209,0.0019854931309728377,0.035645546912572955,20.90379284642371,79.39523300592828,323.6047669940717,Cruise,837.7829078770644,879.6720532709178,748.7046000997793,837.7829078770644,731.1369739132772,388.36768108067594,406.7062112468844,539.9690384839291,365.1830795577328,304.5786715513911,413.828185761094
404.0,61.23005797808785,7.9070793099753915,71.29411764705883,50.50000000000001,281.80255391903586,143.53990966636076,103.56264425267511,269.31664334967843,208.53388990008656,0.74,2.084782675431235,2.3766874281181294,0.6549541032714394,0.031297351907289016,0.014042273340385705,0.0019651593102079866,0.0356437556138648,20.9268217072034,80.41905465629867,323.58094534370133,Cruise,836.917046916062,878.7628992618652,746.8615891137224,836.917046916062,730.6271482496009,388.17340741993894,406.5055410917396,539.9025550375932,364.9899489495583,304.5686189409893,413.74338808719364
405.0,61.30579091733504,7.916859251017082,71.47058823529412,50.62499999999999,281.82361268955214,143.62661049658288,103.49700219296925,269.3367906357688,208.54947339026853,0.74,2.085032267580347,2.3770202176502786,0.6533858080736479,0.03118841493417782,0.014027246493075515,0.0019451461708672384,0.03564197333977242,20.949631760786765,81.44017946618095,323.55982053381905,Cruise,836.0683485473819,877.871765974751,745.0396422817321,836.0683485473819,730.1299690848101,387.98285569562205,406.3087022237756,539.8408041206081,364.8006493875387,304.5610859081293,413.6623620130654
406.0,61.3814304166985,7.9266271254921925,71.64705882352942,50.75,281.8468327344561,143.7138763516156,103.43295638284054,269.35900259277446,208.56665622349752,0.74,2.0852809661549534,2.3773518157497535,0.6518302348293795,0.031080641290379206,0.01401229170844558,0.0019254467703969502,0.035640200022267754,20.97222604705872,82.45865521861373,323.5413447813863,Cruise,835.2364914553579,876.9983160281258,743.2383906935404,835.2364914553579,729.6452022157044,387.79596176511546,406.11562808605174,539.7837034594892,364.61511775344616,304.55602782571935,413.58504273167154
407.0,61.45697682118768,7.936382977954284,71.8235294117647,50.87499999999999,281.8721753403612,143.80169746671712,103.37047787364405,269.3832422635987,208.58540975186727,0.74,2.085528776504237,2.3776822295487983,0.6502872005511309,0.030974010790871125,0.013997408458520903,0.0019060543624296552,0.035638435594004765,20.994607541842402,83.47452845438039,323.5254715456196,Cruise,834.4211628705475,876.1422210140748,741.4574749042434,834.4211628705475,729.1726196235935,387.61266311396935,405.92625381752833,539.731172895,364.4332924996294,304.5534012263693,413.5113670897541
408.0,61.53243047369411,7.94612685268341,72.0,51.0,281.899602802567,143.89006433316044,103.30953846940656,269.40947365282904,208.60570607389957,0.74,2.0857757039325153,2.3780114661198364,0.648756526361196,0.030868503753966683,0.013982596220494416,0.001886962389807098,0.03563667998831092,21.01677915884825,84.48784451464678,323.5121554853532,Cruise,833.6220582721697,875.3031611857783,739.6965446111233,833.6220582721697,728.711999259896,387.4328988007479,405.74051619551426,539.6831343100353,364.2551135963316,304.5531637626005,413.44127353162753
409.0,61.607791715009554,7.955858793688475,72.17647058823529,51.12500000000001,281.9290783905569,143.97896768946072,103.2501107010962,269.43766169391,208.6275180090121,0.74,2.0860217536997236,2.3783395324761143,0.647238037362566,0.030764100984643744,0.013967854476663821,0.0018681644779059206,0.03563493313917875,21.038743751544775,85.49864758177614,323.50135241822386,Cruise,832.8388811033875,874.4808251585569,737.9552583442667,832.8388811033875,728.2631248409658,387.25660940422347,405.55835358056066,539.6395115605746,364.08052248123187,304.55527416875503,413.37470204536305
410.0,61.68306088384395,7.965578844709535,72.35294117647058,51.25,281.9598600161934,144.0681145118335,103.19174550435984,269.4668029746634,208.65029641198308,0.74,2.0862669310218926,2.3786664355723395,0.6457292398965834,0.030660648442915397,0.013953182714369369,0.0018496259968863455,0.03563319498125764,21.06052130954813,86.50779105414438,323.4922089458556,Cruise,832.0676703070519,873.6710538224045,736.2295947111743,832.0676703070519,727.8230131294921,387.0827711527241,405.3786936018797,539.5988825190207,363.9085584164436,304.55893076538416,413.31056246656806
411.0,61.758238316843205,7.975287049220106,72.52941176470588,51.375,281.99334317514536,144.15807068702853,103.1352724881168,269.49882593658594,208.67507394960757,0.74,2.086511241071618,2.378992182305307,0.6442346731452869,0.030558402510146736,0.013938580425932493,0.001831398735617384,0.03563146544984562,21.082079566540582,87.51367573582621,323.4863242641738,Cruise,831.3155892093122,872.8813686697779,734.5267075329305,831.3155892093122,727.3970792490244,386.9132839810768,405.2035281691569,539.5639047310226,363.7409960563111,304.5656364949677,413.2508872294655
412.0,61.83332434860671,7.984983450429427,72.70588235294117,51.5,282.0287691259765,144.2485367279461,103.08023239803038,269.53270477042486,208.70128915322258,0.74,2.086754688978529,2.3793167795145216,0.6427517872505036,0.03045720586065634,0.013924047108595388,0.001813447402349928,0.035629744480881395,21.103439041359675,88.51717416894036,323.48282583105964,Cruise,830.5785870811028,872.107516435158,732.8424860977908,830.5785870811028,726.9822722052484,386.74710115314264,405.03176082784796,539.5331242576459,363.5768532524289,304.5745717117431,413.19456180247056
413.0,61.90831931170479,7.994668091284697,72.88235294117646,51.625,282.0661047486851,144.33950429228915,103.02660045639601,269.56840786162513,208.72891751402702,0.74,2.0869972798297423,2.3796402339828058,0.6412804221550472,0.03035704110071237,0.013909582264461446,0.0017957662935383215,0.03562803201093638,21.124602362514135,89.5183262400788,323.4816737599212,Cruise,829.8563967947147,871.3492166344504,731.176621615052,829.8563967947147,726.5783970299466,386.58416888659804,404.8633358105026,539.5064722719993,363.41607688896795,304.58569916069206,413.1415318996711
414.0,61.983223536695796,8.004341014473306,73.05882352941177,51.75,282.1053177438487,144.43096524579767,102.97435249805102,269.60590437785,208.75793513044803,0.74,2.0872390186703194,2.379962552436908,0.6398204212045129,0.030257891249170943,0.013895185400436568,0.0017783498586974097,0.03562632797720693,21.145572106649823,90.51717085876771,323.4828291412323,Cruise,829.148757923298,870.606195819463,729.5288127530281,829.148757923298,726.1852636090792,386.4244346841,404.69819868745446,539.4838816127584,363.2586150926699,304.5989824990081,413.0917445391903
415.0,62.058037352143195,8.014002262425024,73.23529411764706,51.87499999999999,282.1463766059826,144.52291165548166,102.92346495050094,269.6451642436395,208.78831868842713,0.74,2.0874799105037094,2.3802837415480957,0.6383716310462874,0.030159739724510408,0.013880856028171297,0.0017611926952558435,0.03562463231750669,21.16635080002005,91.51374598900748,323.4862540109925,Cruise,828.4554165212553,869.8781873473181,727.8987653996709,828.4554165212553,725.8026865244268,386.26784729238943,404.53629632415624,539.4652867307582,363.1044171937163,304.61438626666137,413.0451480015379
416.0,62.132761084632314,8.023651877314174,73.41176470588235,52.0,282.1892505979699,144.61533578312608,102.87391481484377,269.6861581160841,208.82004544249767,0.74,2.0877199602921945,2.3806038079327423,0.6369339015324088,0.03006257033237557,0.013866593664003809,0.0017442895436196172,0.035622944970258995,21.18694091990097,92.5080886795509,323.4919113204491,Cruise,827.7761249135241,869.1649311592004,726.2861924327708,827.7761249135241,725.430484901633,386.1143566630197,404.3775768402089,539.4506236377184,362.9534336881439,304.6318758581404,413.0016917896178
417.0,62.20739505878702,8.033289901061776,73.58823529411764,52.125,282.2339097265145,144.7082300790557,102.82567964745883,269.72885736147083,208.85309319762075,0.74,2.0879591729573224,2.380922758152913,0.6355070856261199,0.029966367253609356,0.01385239782890373,0.001727635282436175,0.03562126587448939,21.207344895954147,93.50023509297262,323.4997649070274,Cruise,827.1106414933697,868.4661735680382,724.6908134993174,827.1106414933697,725.0684822643569,385.963913914641,404.2219895700169,539.4398298570095,362.80561620174205,304.6514174953247,412.9613265903252
418.0,62.28193959728614,8.042916375337681,73.76470588235294,52.25000000000001,282.2803247185666,144.80158717614623,102.77873754242034,269.7732340328492,208.88744029173927,0.74,2.0881975533803354,2.38124059871693,0.6340910393119203,0.029871115032747364,0.013838268048416737,0.0017112249240488742,0.03561959496981837,21.227565111539143,94.49022053359101,323.509779466409,Cruise,826.4587305282294,867.7816670546409,723.1123548035529,826.4587305282294,724.7165063942242,385.8164712967586,404.0694850249835,539.4328443763512,362.6609174553524,304.67297820142403,412.9240042376478
419.0,62.35639502087977,8.052531341562657,73.94117647058823,52.37500000000001,282.3284669986744,144.89539988407142,102.73306711460292,269.81926084847925,208.923065579019,0.74,2.088435106402598,2.3815573360799465,0.6326856215089777,0.029776798566954983,0.013824203852609976,0.0016950536101331755,0.03561793219645407,21.247603904978057,95.47807947429578,323.5219205257042,Cruise,825.8201619732628,867.1111700719259,721.5505489033249,825.8201619732628,724.3743891963145,385.6719821549028,403.92001485717844,539.4296076023628,362.5192912315128,304.6965257759425,412.88967767720726
420.0,62.430761648405344,8.062134840910486,74.11764705882354,52.5,282.3783086672193,144.9896611837737,102.68864748344559,269.86691117111485,208.9599484137423,0.74,2.0886718368260127,2.3818729766444995,0.6312906939877305,0.02968340309538584,0.013810204776018228,0.0016791166075057998,0.035616277495185165,21.267463570774403,96.46384558233268,323.5361544176673,Cruise,825.1947112922214,866.4544468568326,720.005134514338,825.1947112922214,724.0419665699144,385.5304008971391,403.7735318244063,539.4300613168687,362.3806923423783,304.72202877061284,412.85830093216936
421.0,62.50503979680358,8.07172691431001,74.29411764705883,52.62499999999999,282.4298224794947,145.0843642221494,102.64545825734535,269.91615898809005,208.9980686348261,0.74,2.0889077494134343,2.382187526761062,0.6299061212895511,0.029590914188942743,0.0137962703575909,0.0016634093040986428,0.03561463080737381,21.28714636078829,97.44755174409283,323.55244825590717,Cruise,824.5821592853082,865.8112672495736,718.4758563219523,824.5821592853082,723.7190782843021,385.39168296186097,403.6299897566154,539.4341486348883,362.2450765988635,304.7494564662615,412.82982907046204
422.0,62.57922978113425,8.081307602447172,74.47058823529412,52.75,282.48298182558665,145.1795023069375,102.60347951864914,269.96697889216586,209.03740655093412,0.74,2.0891428488890798,2.3825009927285885,0.6285317706493228,0.0294993177404226,0.013782400140639698,0.0016479272050900244,0.03561299207494876,21.306654485369755,98.42923008895389,323.5707699110461,Cruise,823.9822919236939,865.1814065198786,716.9624648001615,823.9822919236939,723.4055678593169,385.25578478680416,403.4893435235803,539.4418139642238,362.11240078094824,304.7787788505574,412.8042181732405
423.0,62.65333191459174,8.090876945767024,74.6470588235294,52.875,282.5377607110209,145.27506890180317,102.5626918092177,270.0193460631043,209.07794292615546,0.74,2.0893771399389274,2.382813380795053,0.627167511920804,0.029408599955027766,0.013768593672787082,0.0016326659291857114,0.0356113612403985,21.325990114452285,99.40891201221666,323.59108798778334,Cruise,823.394900190383,864.5646451999022,715.4647160374353,823.394900190383,723.1012824504985,385.1226637792275,403.35154900380206,539.4530029665776,361.98262260909394,304.80996659660514,412.781425304541
424.0,62.727346508520505,8.10043498447572,74.8235294117647,53.0,282.594133738144,145.3710576216077,102.52307611653629,270.0732362499409,209.11965896622655,0.74,2.089610627211119,2.3831246971579745,0.6258132175046683,0.029318747341228277,0.013754850505915472,0.0016176212050431464,0.03560973824676456,21.34515537860802,100.38662819717439,323.6133718028256,Cruise,822.8197799271546,863.9607689235124,713.9823715691161,822.8197799271546,722.8060727385989,384.9922782872075,403.21656305457515,539.4676625201314,361.85570071672345,304.8429910423471,412.7614084820746
425.0,62.80127387243032,8.109981758542498,75.00000000000001,53.125,282.65207608819975,145.46746222785464,102.48461386034506,270.1286257539158,209.1625363052678,0.74,2.089843315316349,2.3834349479649486,0.62446876227908,0.029229746701957944,0.013741170196117118,0.0016027888678320484,0.03560812303763485,21.36415237006656,101.36240863636147,323.63759136363853,Cruise,822.2567316872697,863.3695682716333,712.5151982160565,822.2567316872697,722.519792823241,384.8645875719966,403.08434348315944,539.485740683514,361.7315946237124,304.8778241707322,412.74412664910005
426.0,62.87511431401139,8.119517307701603,75.17647058823529,53.25,282.71156350407625,145.56427662430755,102.44728687976875,270.18549141204426,209.20655699301645,0.74,2.090075208828255,2.383744139314156,0.6231340235327253,0.029141585126131297,0.01372755230364471,0.0015881648559255947,0.03560651555713712,21.382983143698667,102.33628265200815,323.66371734799185,Cruise,821.7055605937254,862.7908386234117,711.0629679292474,821.7055605937254,722.2423001205754,384.73955178139926,402.95484901902,539.5071866611065,361.61026471085137,304.9144385906239,412.72953964734046
427.0,62.948868139149255,8.129041671454253,75.3529411764706,53.375,282.77257227368887,145.66149485276748,102.41107742092142,270.2438105812883,209.25170348252976,0.74,2.0903063122837975,2.384052277254879,0.6218088809001658,0.0290542499804658,0.013713996392862698,0.0015737452077159411,0.03560491574993254,21.40164971796656,103.30827891574597,323.691721084254,Cruise,821.1660762027723,862.224380012911,709.6254576401416,821.1660762027723,721.973455264716,384.61713192411815,402.8280392870772,539.5319507696175,361.4916721952338,304.95280751840914,412.71760819088684
428.0,63.02253565193961,8.13855488907052,75.52941176470588,53.50000000000001,282.8343947365735,145.75882779924135,102.3755669373321,270.30260275037693,209.29745210506437,0.74,2.0905366301836414,2.384359367788005,0.6204910163139762,0.02896760800376356,0.013700502032199231,0.0015595023630318205,0.03560332356120934,21.420167527583224,104.27920889269586,323.72079110730414,Cruise,820.634667410593,861.6664007811228,708.1990213380666,820.634667410593,721.7105303668878,384.49636283637636,402.70290315312235,539.5586821159849,361.3749118938735,304.99216799153584,412.70729844416957
429.0,63.09611715470295,8.14805699959122,75.70588235294117,53.625,282.8983902935603,145.85684136010295,102.3415489334573,270.3637804159125,209.3448088172346,0.74,2.0907661669925273,2.3846654168665187,0.6191847588616735,0.02888189172359261,0.013687068794098856,0.001545480583374365,0.035601738936676564,21.438511188513427,105.24751804925569,323.7524819507443,Cruise,820.1180746153107,861.1239783460762,706.7903741720514,820.1180746153107,721.4586300441,384.37907943018683,402.581364328249,539.5899628850698,361.2616981104174,305.0339821046359,412.7005828861654
430.0,63.16961294799897,8.15754804182981,75.88235294117648,53.74999999999999,282.9638387735244,145.95524151594876,102.30859725757564,270.42634610654335,209.39324069240806,0.74,2.0909949271396395,2.3849704303960015,0.6178877484756707,0.028796965467633617,0.01367369625497579,0.0015316518292874436,0.03560016182255787,21.456696510962114,106.21403222210733,323.78596777789267,Cruise,819.6126201585344,860.5932511664612,705.3958038900785,819.6126201585344,721.2149760890668,384.2642993347336,402.4623936312999,539.6244183087917,361.1511096253306,305.07747340474805,412.6964094007115
431.0,63.24302333064099,8.1670280543742,76.05882352941175,53.875,283.03071850607523,146.05402282724825,102.27669567882698,270.4902791321461,209.44273169449565,0.74,2.0912229150189723,2.385274414235112,0.6165998736267787,0.028712817641697284,0.013660383995167915,0.0015180125107300785,0.03559859216558545,21.474725376005626,107.17877764512974,323.82122235487026,Cruise,819.1181301571844,860.0740366650436,704.0151060508236,819.1181301571844,720.9794411634247,384.1519867862954,402.34595404390836,539.6620028732489,361.0431107930534,305.1226173847533,412.6947419724256
432.0,63.31634859971001,8.17649707558861,76.23529411764706,54.0,283.0990082906578,146.15317997333588,102.24582831732195,270.55555925069984,209.4932661350868,0.74,2.0914501349896866,2.385577374196065,0.6153210248376004,0.028629436892462647,0.013647131598891369,0.001504559123389226,0.03559702991299409,21.49259963263887,108.14177999077896,323.85822000922104,Cruise,818.6344345459222,859.5661562732183,702.648080517732,818.6344345459222,720.7519007020234,384.0421067658965,402.2320093220605,539.7026720255467,360.93766669283514,305.16939006181883,412.6955453401393
433.0,63.389589050568866,8.18595514361537,76.41176470588236,54.12500000000001,283.1686873832576,146.2527077490374,102.21597963422016,270.6221666556283,209.5448286636106,0.74,2.091676591376468,2.385879316045106,0.6140510946301156,0.028546812100889395,0.013633938654195772,0.0014912882461386341,0.03559547501251517,21.51032109855042,109.10306438586832,323.8969356141317,Cruise,818.1613669680588,859.0694353164619,701.2945313389848,818.1613669680588,720.5322328341027,383.9346249787162,402.1205239746331,539.7463821470025,360.8347431089505,305.2177679626699,412.6987849759646
434.0,63.462744976875996,8.195402296376722,76.58823529411764,54.25,283.23973548357264,146.3526010614145,102.18713442215812,270.69008196358516,209.59740425784375,0.74,2.091902288469873,2.38618024550298,0.6127899774749961,0.028464932375855907,0.013620804752920088,0.0014781965385888686,0.0355939274123709,21.527891560872547,110.06265542679387,323.93734457320613,Cruise,817.6987646703346,858.5837029038514,699.9542666316689,817.6987646703346,720.3203183072432,383.8295078342138,402.0114632426761,539.7930905272868,360.7343065115967,305.2677281093779,412.7044270650927
435.0,63.53581667059927,8.204838571576571,76.76470588235296,54.37499999999999,283.31213272263216,146.45285492662288,102.15927779600929,270.7592862026628,209.6509782147478,0.74,2.09212723052668,2.3864801682453893,0.6115375697425744,0.028383787048012886,0.013607729490649083,0.0014652807387243786,0.035592387061268535,21.54531277690753,111.02057719423414,323.97942280576586,Cruise,817.2464684013788,858.1087918214478,698.6270984699328,817.2464684013788,720.1160404139767,383.7267224269344,401.90479307940666,539.8427553394554,360.63632403844247,305.3192480056399,412.7124384862838
436.0,63.6088044220295,8.214264006702278,76.94117647058823,54.49999999999999,283.3858596508426,146.55346446687878,102.13239518396382,270.82976080100826,209.70553614162347,0.74,2.092351421770229,2.386779089903454,0.6102937696554062,0.02830336566384426,0.013594712466670378,0.0014525376606240785,0.03559085390839473,21.56258647483106,111.9768532673429,324.0231467326571,Cruise,816.8043223137078,857.6445384293932,697.3128427769925,816.8043223137078,719.9192849209436,383.62623651796935,401.80048013088725,539.8953356158357,360.5407634768015,305.37230562353045,412.72278679302707
437.0,63.681708519793965,8.223678639026359,77.11764705882352,54.62500000000001,283.4608972264442,146.65442490752983,102.1064723189144,270.9014875758288,209.76106394756874,0.74,2.092574866390756,2.3870770160641572,0.6090584772423592,0.028223657979926937,0.01358175328393211,0.0014399641922619956,0.035589327903409955,21.579714354373557,112.93150673745635,324.06849326254365,Cruise,816.3721738691195,857.1907825625756,696.0113192208164,816.3721738691195,719.7299400004931,383.528018517044,401.69849171735757,539.950791224737,360.44759324640495,305.4268793907075,412.73544019533716
438.0,63.754529250869695,8.23308250560823,77.29411764705884,54.75,283.5372268043615,146.75573157422582,102.0814952301357,270.97444872277134,209.81754783522751,0.74,2.092797568545734,2.3873739522707944,0.6078315942941698,0.02814465395738113,0.013568851549001152,0.0014275572933845624,0.03558780899644297,21.596698087480366,113.8845602213359,324.1154397786641,Cruise,815.9498737473305,856.7473674346971,694.7223511133376,815.9498737473305,719.5478961646255,383.43203746520913,401.59879581519584,540.0090828479453,360.35678238274835,305.4829481780511,412.7503675421668
439.0,63.82726690059664,8.242475643295899,77.47058823529412,54.875,283.6148301254305,146.85737989018494,102.05745023524554,271.0486268056615,209.87497429281856,0.74,2.0930195323601946,2.3876699040234084,0.6066130243204116,0.028066343756503964,0.013556006872021922,0.0014153139934614618,0.03558629713808538,21.613539318951652,114.83603587396289,324.1639641260371,Cruise,815.5372757577373,856.3141395456242,693.4457653130582,815.5372757577373,719.3730462011821,383.3382630181073,401.50136103948256,540.0701719589737,360.26830052099217,305.5404912877198,412.76753830440657
440.0,63.899921752690744,8.251858088727653,77.64705882352942,54.99999999999999,283.69368930598915,146.9593653735528,102.03432393243635,271.12400474658546,209.93333008643197,0.74,2.093240761927058,2.387964876779227,0.6054026725078174,0.02798871773157886,0.013543218866675743,0.001403231389707073,0.03558479227938632,21.63023966706267,115.78595540090595,324.21404459909405,Cruise,815.1342367541629,855.890948591871,692.1813921309027,815.1342367541629,719.2052851121852,383.2466654297972,401.4061566271438,540.1340208020392,360.18211788039093,305.5994884416066,412.7869225584501
441.0,63.97249408925683,8.261229878333726,77.82352941176471,55.125,283.77378682781466,147.06168363484875,102.0121031929659,271.2005658163036,209.99260225258283,0.74,2.093461261307454,2.388258875953088,0.6042004456799058,0.027911766425853846,0.01353048715014075,0.0013913066451695126,0.03558329437184713,21.646800724165303,116.73434007027606,324.26565992972394,Cruise,814.7406165524749,855.4776473800987,690.9290652391917,814.7406165524749,719.0445100542535,383.15721553710875,401.3131524206496,540.2005923717359,360.0982052492316,305.6599197701793,412.80849097030244
442.0,64.04498419080139,8.270591048337945,78.0,55.25,283.8551055283951,147.16433037449772,101.99077515389737,271.27829362498136,210.05277809101239,0.74,2.093681034531037,2.3885519069178653,0.6030062522578628,0.027835480566682336,0.013517811343052362,0.0013795369868847122,0.03558180336741619,21.66322405727138,117.6812107242875,324.3187892757125,Cruise,814.3562778509624,855.0740917435107,689.6886215836136,814.3562778509624,718.8906202809966,383.069884744509,401.2223188522471,540.2698503933725,360.0165339702608,305.72176580168883,412.8322147802087
443.0,64.11739233624525,8.279941634759364,78.17647058823529,55.37500000000001,283.9376285915216,147.26730138044323,101.9703272110784,271.35717211322503,210.113845157726,0.74,2.0939000855963017,2.388843975004885,0.6018200022226265,0.02775985106081971,0.013505191069464278,0.0013679197040927758,0.035580319218483716,21.6795112086187,118.62658779043835,324.37341220956165,Cruise,813.9810861533498,854.6801404610173,688.4599012980736,813.9810861533498,718.743517087321,382.98464500946227,401.133626928705,540.3417593039577,359.93707592658166,305.7850074517321,412.8580657877838
444.0,64.18971880293603,8.289281673413896,78.35294117647058,55.5,284.021339538189,147.37059252583865,101.95074701235038,271.4371855434099,210.1757912582599,0.74,2.094118418470892,2.3891350855043387,0.6006416070781361,0.027684868989870114,0.013492625956809997,0.001356452146514275,0.03557884187787676,21.69566369622015,119.57049129232655,324.42950870767345,Cruise,813.61490969436,854.295655179078,687.2427476223133,813.61490969436,718.6031037555645,382.90146882825996,401.04704821655366,540.4162842337988,359.85980352800283,305.84962601315556,412.8860163376235
445.0,64.26196386666065,8.298611199915884,78.52941176470588,55.625,284.10622221779136,147.47419976681343,101.93202245097791,271.51831849129053,210.2386044411656,0.74,2.0943360370919084,2.389425243665694,0.5994709798156931,0.02761052560587726,0.013480115635864844,0.0013451317226839976,0.035577371298854146,21.711683014396797,120.51294086011637,324.4870591398836,Cruise,813.2576193677079,853.9205003360933,686.0370068221787,813.2576193677079,718.4692855033888,382.820329222306,400.9625548277957,540.4933909886944,359.7846896978212,305.9156031462842,412.91603930537707
446.0,64.3341278016575,8.307930249679709,78.70588235294117,55.75000000000001,284.19226079960316,147.5781191403121,101.91414165929105,271.600555837882,210.30227299170636,0.74,2.094552945366207,2.3897144546980917,0.5983080348794044,0.027536812327054246,0.013467659740708557,0.001333955898339961,0.03557590743510163,21.72757063429529,121.45395574066703,324.546044259333,Cruise,812.9090886564497,853.5545430892722,684.8425281124535,812.9090886564497,718.3419694333688,382.7411997248378,400.88011940607475,540.5730460326968,359.7117078600219,305.98292086946674,412.9481080842649
447.0,64.40621088062858,8.317238857921362,78.88235294117646,55.87499999999999,284.27943976453366,147.6823467620021,101.89709300253153,271.68388276159965,210.3667854257549,0.74,2.094769147170702,2.390002723770752,0.5971526881326538,0.02746372073364657,0.013455257908688312,0.0013229221948654977,0.035574450240726946,21.743328004390364,122.39355480733889,324.6064451926611,Cruise,812.5691935655752,853.197653243854,683.6591635821421,812.5691935655752,718.2210644841995,382.6640543680691,400.7997151132809,540.655216471424,359.64083192687974,306.05156154992153,412.9821965720239
448.0,64.47821337475163,8.32653705965997,79.05882352941178,56.0,284.3677438971441,147.78687882424907,101.88086507289505,271.7682847306519,210.43213048388665,0.74,2.094984646352658,2.39029005601336,0.5960048568255794,0.027391242563924,0.013442909780382284,0.0013120281877824268,0.03557299967025506,21.75895655097281,123.33175656948555,324.66824343051445,Cruise,812.2378125567785,852.8497031846175,682.4867681221225,812.2378125567785,718.1064813834722,382.5888676707332,400.72131561657795,540.739870035897,359.57203628694873,306.12150789487436,413.01827915826476
449.0,64.5501355536919,8.33582488971936,79.23529411764704,56.12500000000001,284.457158277918,147.89171159415562,101.86544668376239,271.8537474956705,210.4982971256593,0.74,2.0951994467299824,2.3905764565164596,0.5948644595635044,0.02731936971029568,0.01343061499956368,0.001301271505293202,0.03557155567862342,21.774457678623587,124.26857918165007,324.73142081834993,Cruise,811.9148264853001,852.5105678095651,681.3251993550637,811.9148264853001,717.9981326019486,382.5156146260191,400.64489507583687,540.8269750668863,359.50529579342043,306.19274294297423,413.05633071222223
450.0,64.62197768561404,8.345102382729564,79.41176470588236,56.25,284.5476682757755,147.99684141166293,101.85082686411258,271.94025708257595,210.56527452407386,0.74,2.0954135520915145,2.3908619303318353,0.5937314162763027,0.02724809421554485,0.01341837321316528,0.0012906498268703168,0.03557011822117731,21.789832770674398,125.20404045246897,324.795959547531,Cruise,811.6001185387878,852.1801244657272,680.1743175675409,811.6001185387878,717.895932309288,382.44427068987903,400.5704281314585,540.9165004997467,359.4405857528443,306.26525005598063,413.0963265708908
451.0,64.6937400371937,8.354369573128334,79.58823529411764,56.375,284.639259540821,148.10226468771106,101.83699485311,272.0277997856629,210.63305206020755,0.74,2.095626966197307,2.3911464824728923,0.5926056481886502,0.027177408269177753,0.01340618407124438,0.0012801608818910383,0.03556868725366523,21.805083189655427,126.13815785330172,324.8618421466983,Cruise,811.293574178072,851.8582528869756,679.0339856442495,811.293574178072,717.7997963311568,382.37481176969675,400.497889892573,541.0084158497187,359.3778819141889,306.3390129107068,413.1382425275226
452.0,64.7654228736291,8.363626495162633,79.76470588235294,56.5,284.73191799731785,148.20797790245697,101.82394009486089,272.1163621609021,210.7016193180152,0.74,2.0958396927789105,2.39143011791503,0.5914870777911438,0.027107304203883506,0.0133940472269483,0.0012698024483158844,0.03556726273223435,21.820210277730418,127.07094852659077,324.92905147340923,Cruise,810.9950810798107,851.5448351338014,677.9040690042508,810.9950810798107,717.7096421076852,382.30721421330435,400.42725592560134,541.10269119769,359.3171604582388,306.4140154912159,413.1820548204816
453.0,64.83702645865247,8.372873182890102,79.94117647058825,56.625,284.82495540807554,148.3136886047812,101.81126680329439,272.2049645217239,210.77046700197593,0.74,2.096051735539649,2.3917128415960147,0.5903735326172831,0.02703766722838771,0.013381962336480244,0.0012595531160231857,0.03556584461342607,21.835224452996858,128.00319884452477,324.9968011554752,Cruise,810.7013128702903,851.2363785138048,676.7812304738334,810.7013128702903,717.6229491396756,382.24055290961803,400.3575569454035,541.1980188790976,359.25755405010835,306.48951757588037,413.2267647547878
454.0,64.90855105454135,8.382109670180537,80.11764705882352,56.75,284.91971613568313,148.41997491959535,101.79974121608775,272.29553910074924,210.84058994040552,0.74,2.0962630981548958,2.3919946584163436,0.5892691609655137,0.026968706343500563,0.013369929059065698,0.001249449625428016,0.035564432854171525,21.85010854654981,128.9333757958035,325.0666242041965,Cruise,810.4186428439896,850.939574986189,675.6717997418409,810.4186428439896,717.5445539209412,382.1766213763271,400.2906731438715,541.29694399852,359.20073929947694,306.5669625302471,413.2743134556668
455.0,64.97999692212981,8.391335990717327,80.29411764705883,56.87499999999999,285.0155031799144,148.52654092662152,101.78896225329282,272.3870942294522,210.91147235313662,0.74,2.0964737842723427,2.3922755732396066,0.5881717610182596,0.02690030511291632,0.013357947056919225,0.0012394702474035418,0.0355630274117873,21.864873225391257,129.86227581317405,325.13772418682595,Cruise,810.1436985956951,850.6508835254798,674.5723938716313,810.1436985956951,717.4719011184038,382.11448247370714,400.2256226185511,541.3981421834173,359.14583766922016,306.645600687651,413.32368943982186
456.0,65.05136432081959,8.400552177998886,80.4705882352941,57.0,285.1123035028411,148.63338336878655,101.77892013405457,272.4796174568248,210.9831045921024,0.74,2.096683797512271,2.3925555908928438,0.5870812600822537,0.026832456410437355,0.013346015995211707,0.001229612942266514,0.035561628243971105,21.879519754065058,130.789914793687,325.210085206313,Cruise,809.8763761682475,850.3701949766598,673.4828878625061,809.8763761682475,717.4049142709679,382.05411421816655,400.16238266803003,541.5015856571899,359.09282697704566,306.72541719557495,413.37487063187706
457.0,65.122653508591,8.409758265340074,80.64705882352942,57.12500000000001,285.2101043083865,148.74049905001172,101.76960525837485,272.5730965626437,211.05547718820603,0.74,2.0968931414678136,2.3928347161669006,0.5859975865966514,0.026765153236800163,0.013334135542038012,0.0012198757128910275,0.0355602353087975,21.894049378762634,131.7163083439288,325.2836916560712,Cruise,809.6165735573683,850.0974022352367,672.4031589555645,809.6165735573683,717.3435183414466,381.9954950160207,400.1009309955608,541.6072471433572,359.04168542365625,306.80639747285045,413.42783535027945
458.0,65.19386474201387,8.418954285873605,80.82352941176472,57.25000000000001,285.30889303650156,148.84788483373737,101.76100820276419,272.6675195519189,211.12858084701116,0.74,2.0971018197052183,2.3931129538167735,0.5849206701087599,0.026698388716722622,0.01332230536838511,0.0012102566036177132,0.035558848564713745,21.90846332769112,132.64147178695708,325.3585282130429,Cruise,809.3641906641566,849.8324001973643,671.333086580727,809.3641906641566,717.2876396821285,381.93860365435796,400.04124569955184,541.715099853729,358.9923915839171,306.88852720318135,413.4825622980347
459.0,65.26499827625831,8.428140272551436,81.0,57.37500000000001,285.408657357513,148.95553764149122,101.75311971602181,272.76287464950826,211.20240644455964,0.74,2.0973098357641047,2.3933903085619557,0.5838504412504388,0.02663215609603667,0.01331052514810056,0.0012007536991964444,0.03555746797053565,21.922762811431777,133.5654201690341,325.4345798309659,Cruise,809.1191292490086,849.575085711459,670.2725523053123,809.1191292490086,717.2372060013782,381.88341929217063,399.9833052643341,541.8251174769217,358.9449243982776,306.9717923288574,413.5390305537132
460.0,65.33605436510533,8.437316258146147,81.17647058823529,57.49999999999999,285.50938516664115,149.0634544514991,101.74593071514202,272.8591502948909,211.27694502331445,0.74,2.0975171931577226,2.393666785086779,0.5827868317151479,0.0265664487389037,0.013298794557861444,0.001191365123761354,0.035556093485443516,21.93694902328889,134.48816826615848,325.5118317338415,Cruise,808.8812928869155,849.3253575312613,669.2214397841302,808.8812928869155,717.1921463312276,381.82992145174717,399.92708855120213,541.9372741672148,358.89926316444127,307.05617904465606,413.5972195627214
461.0,65.40703326095749,8.446482275252292,81.35294117647058,57.625,285.6110645786766,149.17163229733708,101.73943228133955,272.95633513709345,211.35218778822068,0.74,2.0977238953732007,2.39394238804075,0.5817297742356203,0.02650126012510952,0.01328711327714371,0.0011820890398369934,0.03555472506897808,21.951023139629527,135.4097305904083,325.5902694095917,Cruise,808.6505869240841,849.0831162702883,668.1796347110212,808.6505869240841,717.1523909959227,381.7780900103103,399.87257478970946,542.0515445337271,358.8553875292752,307.14167379191963,413.6571091288236
462.0,65.47793521484928,8.455638356287775,81.52941176470588,57.75,285.7136839228141,149.2800682666223,101.7336156561918,273.0544180297656,211.42812610288243,0.74,2.097929945871801,2.394217122038884,0.5806792025621423,0.026436583847436298,0.013275480988191889,0.0011729236473745155,0.035553362681036565,21.964986320214518,136.33012139609815,325.66987860390185,Cruise,808.4269184358377,848.8482643576297,667.1470247718005,808.4269184358377,717.117871581398,381.7279051918977,399.8197435692186,542.1679036299113,358.81327748094844,307.2282632528071,413.71867940591045
463.0,65.54876047645752,8.464784533495159,81.70588235294119,57.875,285.81723173763567,149.38875949974255,101.7284722378931,273.1533880263974,211.5047514858504,0.74,2.0981353480891616,2.3944909916620314,0.579635051441416,0.02637241360910883,0.013263897375989204,0.0011638671828168015,0.03555200628186879,21.97883970852082,137.24935468575882,325.7506453142412,Cruise,808.21019618575,848.6207059950375,666.123499598558,808.21019618575,717.0885209056363,381.6793475594727,399.7685748306903,542.2863269433441,358.77291334129376,307.31593434470994,413.78191089000074
464.0,65.61950929411161,8.473920838943016,81.88235294117646,58.00000000000001,285.9216967662393,149.49770318862258,101.72399357761674,273.2532343756751,211.5820556070171,0.74,2.098340105435541,2.3947640014572045,0.5785972565959875,0.02630874322131253,0.013252362128228092,0.0011549179181915812,0.03555065583207322,21.992584432055647,138.16744421594456,325.83255578405544,Cruise,808.0003305859683,848.4003471152669,665.108950725262,808.0003305859683,717.0642729898925,381.6323980072606,399.719048858708,542.4067903858144,358.7342757583847,307.4046742148303,413.846784411474
465.0,65.69018191480367,8.483047304527224,82.05882352941177,58.125,286.0270679515075,149.6068965755254,101.7201713759821,273.35394651697015,211.66003028411555,0.74,2.098544221296062,2.395036155937898,0.5775657547042243,0.026245566600780937,0.013240874935281075,0.0011460741602314637,0.03554931129259326,22.006221602662556,139.08440350287407,325.91559649712593,Cruise,807.7972336586909,848.1870953416254,664.1032715446289,807.7972336586909,717.0450630307475,381.5870377533014,399.6711462737276,542.5292702836898,358.6973456993194,307.49447023491365,413.91328112752086
466.0,65.76077858419865,8.492163961972263,82.23529411764704,58.25,286.1333344315106,149.71633695188848,101.71699747962211,273.45551407595724,211.73866747931783,0.74,2.0987476990309455,2.3953074595844095,0.576540483380819,0.02618287776745011,0.013229435490172047,0.0011373342495200256,0.0355479726247134,22.01975231681979,140.00024582791275,325.99975417208725,Cruise,807.600818998748,847.9808599486854,663.1063572662084,807.600818998748,717.030827372962,381.5432483322095,399.62484802454406,542.653743368555,358.6621044432059,307.5853099961297,413.98138251480646
467.0,65.83129954664422,8.501270842832518,82.41176470588235,58.375,286.2404855350416,149.8260216571929,101.71446387784866,273.5579268603558,211.81795929593073,0.74,2.09895054197575,2.3955779168441493,0.5755213811578073,0.026120670842177937,0.01321804348854787,0.001128696559663015,0.03554663979005557,22.03317765593115,140.91498424289733,326.08501575710267,Cruise,807.4110017372598,847.7815518241227,662.1181048756519,807.4110017372598,717.0215034831069,381.5010115881397,399.5801353809709,542.7801867681168,358.6285335743415,307.67718130410105,414.05107036234074
468.0,65.9017450451807,8.510367978493537,82.58823529411767,58.5,286.34851077727615,149.9359480778644,101.71256269941175,273.6611748557924,211.89789797518435,0.74,2.099152753441602,2.3958475321319526,0.5745083874660788,0.026058940044525997,0.0132066986286504,0.0011201594964838097,0.03554531275057538,22.046498686609528,141.8286315753129,326.1713684246871,Cruise,807.2276985063245,847.5890834316407,661.138413095113,807.2276985063245,717.017029923938,381.4603096679429,399.53698992672133,542.9085779973575,358.5966149755778,307.770072174068,414.1223267645447
469.0,65.97211532155082,8.519455400173301,82.76470588235294,58.625,286.45739985555525,150.04611364620538,101.7112862093499,273.7652482217792,211.9784758931109,0.74,2.0993543367154275,2.396116309830386,0.5735014426173723,0.025997679690602193,0.013195400611288818,0.001111721497242296,0.03554399146855862,22.05971646095345,142.74120043332414,326.25879956667586,Cruise,807.0508274047135,847.4033687749492,660.1671823447549,807.0508274047135,717.0173463294977,381.4211250145162,399.49539355248766,543.0388949499401,358.5663308218707,307.86397082619123,414.19513411451106
470.0,66.04241061620934,8.528533138923477,82.94117647058823,58.74999999999999,286.56714264528534,150.156515839357,101.71062680592836,273.87013728780414,212.05968555751116,0.74,2.0995552950601777,2.3963842542900524,0.5725004877867299,0.02593688419096179,0.013184149139812345,0.0011033810298763894,0.03554267590661757,22.07283201681676,143.65270321066805,326.34729678933195,Cruise,806.8803079645255,847.2243233627519,659.2043147053153,806.8803079645255,717.0223933809144,381.3834403603306,399.4553284492086,543.1711158898456,358.5376635740013,307.95886568098314,414.26947509744815
471.0,66.11263116833273,8.537601225630636,83.11764705882352,58.875,286.6777291959522,150.26715217828993,101.71057701766236,273.9758325495295,212.14151960500467,0.74,2.099755631715054,2.396651369829888,0.5715054649954033,0.025876548048565224,0.013172943920083304,0.0010951365922653865,0.035541366027687565,22.08584637807173,144.56315209140922,326.4368479085908,Cruise,806.7160611187785,847.0518641747175,658.2497138817033,806.7160611187785,717.0321127828715,381.34723872113926,399.4167771015242,543.3052194432439,358.5105959724697,308.05474535486604,414.3453326843048
472.0,66.1827772158286,8.546659691017515,83.29411764705883,58.99999999999999,286.78914972724607,150.37802022682325,101.71112950042281,274.08232466509656,212.2239707981621,0.74,2.0999553498957333,2.39691766073746,0.5705163170941983,0.025816665856790863,0.013161784660450485,0.0010869867115144707,0.03554006179502346,22.09876055486571,145.47255905456632,326.5274409454337,Cruise,806.5580091699046,846.8859096283999,657.3032851675919,806.5580091699046,717.046447240738,381.312503389854,399.3797222814056,543.4411845905851,358.48511103155175,308.15159865585355,414.422690125569
473.0,66.25284899534509,8.5557085656442,83.47058823529413,59.12499999999999,286.9013946252909,150.48911759067008,101.71227703462078,274.1896044515299,212.30703202271525,0.74,2.1001544527945826,2.39718313126926,0.569532987747236,0.02575723229750068,0.013150671071722924,0.0010789299432595882,0.035538763172196224,22.111575543871613,146.38093587861187,326.61906412138813,Cruise,806.4060757591163,846.7263795470723,656.3649354109654,806.4060757591163,717.0653404383215,381.2792179305869,399.3441470419579,543.5789906589034,358.46119203351327,308.24941457934744,414.5015309452315
474.0,66.32284674228029,8.56474787990933,83.6470588235294,59.25,287.0144544389794,150.6004419165098,101.71401252246956,274.29766288124085,212.39069628484475,0.74,2.100352943580881,2.3974477856509906,0.568555421416127,0.02569824213915743,0.01313960286714393,0.0010709648709920946,0.03553747012308951,22.12429232853233,147.28829414584857,326.71170585415143,Cruise,806.2601858366169,846.5731951284479,655.4345729806062,806.2601858366169,717.0887370162379,381.24736617285413,399.31003471139013,543.718617314334,358.438822522981,308.3481823040509,414.58183893491554
475.0,66.39277069079132,8.573777664051317,83.8235294117647,59.375,287.12831987640624,150.7119908910852,101.71632898532103,274.40649107862635,212.47495670854062,0.74,2.1005508254010308,2.397711628077857,0.5675835633445412,0.025639690234991623,0.013128579762365504,0.001063090105402465,0.03553618261189635,22.136911879299333,148.19464524666841,326.8053547533316,Cruise,806.12026563263,846.4262789142615,654.5121077334777,806.12026563263,717.1165825508668,381.2169322059316,399.27736888714674,543.8600445548267,358.4179863014584,308.44789118799173,414.6635981481615
476.0,66.46262107380358,8.582797948149489,83.99999999999999,59.49999999999999,287.2429818013977,150.8237622403241,101.71921956107357,274.51608031675875,212.55980653303428,0.74,2.100748101378772,2.397974662714845,0.5666173595431597,0.02558157152121649,0.013117601475423027,0.0010553042837424243,0.03553490060311583,22.149435153865603,149.1000003836968,326.8999996163032,Cruise,805.9862426292146,846.2855547606754,653.5974509829774,805.9862426292146,717.1488235338824,381.1879003733618,399.2461334301937,544.0032527030551,358.3986674219886,308.5485307646516,414.74679289486437
477.0,66.53239812301973,8.591808762125293,84.17647058823528,59.625,287.35843123013484,150.93575372848494,101.72267750164994,274.6264220141644,212.6452391102998,0.74,2.1009447746153906,2.3982368936970038,0.5656567567750013,0.02552388101528977,0.01310666772671033,0.0010476060692049354,0.035533624061549814,22.161863097393045,150.00437057582576,326.99562942417424,Cruise,805.8580455328466,846.150947809489,652.6905154680371,805.8580455328466,717.1854073523305,381.160255267606,399.21631245945633,544.1482223995152,358.38085018395526,308.65009073919947,414.83140773585797
478.0,66.60210206892873,8.600810135743423,84.3529411764706,59.75,287.47465932786724,151.04796315732486,101.72669617054244,274.7375077316887,212.7312479026218,0.74,2.1011408481899285,2.3984983251297205,0.5647017025411083,0.02546661381422061,0.013095778238955018,0.0010399941503214623,0.03553235295229976,22.174196642734564,150.9077666621405,327.0922333378595,Cruise,805.7356042477402,846.0223844601273,651.7912153230341,805.7356042477402,717.2262822692488,381.1339817248351,399.18789034640395,544.294934595806,358.36451912801834,308.7525609848254,414.91742747764187
479.0,66.67173314081462,8.609802098612992,84.52941176470588,59.875,287.5916574057141,151.16038836529046,101.73126904042368,274.8493291694458,212.81782648022846,0.74,2.1013363251593846,2.3987589610889954,0.5637521450665859,0.025409765092920332,0.013084932737194127,0.0010324672403758822,0.0355310872407635,22.186436710650998,151.8101993057404,327.1898006942596,Cruise,805.6188498498855,845.8997923423798,650.8994660485031,805.6188498498855,717.2713974047997,381.10906481985865,399.16085170977595,544.4433705480856,358.349659031182,308.8559315391706,415.0048371672473
480.0,66.74129156676547,8.618784680188648,84.70588235294119,59.99999999999999,287.70941691754956,151.2730272267296,101.73638969081993,274.96187816384565,212.9049685189867,0.74,2.1015312085589226,2.3990188056217128,0.5628080332869752,0.025353330102595457,0.013074130948750106,0.0010250240768345748,0.03552982689263213,22.198584210022954,152.71167899746195,327.28832100253805,Cruise,805.507714561775,845.7831002898638,650.0151844826003,805.507714561775,717.3207027179021,381.0854898611837,399.135181410445,544.5935118107004,358.3362549019871,308.9601926008524,415.0936220872351
481.0,66.81077757368192,8.627757909771718,84.88235294117646,60.12499999999999,287.8279294569704,151.38587765112428,101.74205180584616,275.0751466847024,212.99266779815807,0.74,2.101725501402066,2.3992778627459046,0.5618693168349612,0.025297304169181963,0.013063372603207044,0.0010176634207921533,0.03552857187388686,22.21064003805787,153.61221605950192,327.3877839404981,Cruise,805.4021317278047,845.6722383141949,649.1382887733224,805.4021317278047,717.3741489883544,381.06324238620203,399.11086454641196,544.745340229978,358.32429197582826,309.06533452607846,415.1837677508248
482.0,66.88019138728596,8.6367218165113,85.05882352941177,60.25,287.94718675434365,151.4989375823435,101.7482491720001,275.18912683241746,213.08091819821428,0.74,2.101919206680903,2.3995361364510206,0.5609359460273997,0.025241682691819492,0.013052657432387257,0.001010384056432296,0.035527322150796056,22.222605080492194,154.5118206489472,327.4881793510528,Cruise,805.3020357903264,845.5671375798428,648.2686983514351,805.3020357903264,717.4316877994256,381.0423081565014,399.0878864479323,544.8988379381816,358.31375571038996,309.17134782535163,415.27525989714843
483.0,66.94953323212941,8.645676429405402,85.23529411764707,60.375,288.0671806739302,151.61220499791588,101.75497567601423,275.3038108352348,213.1697136987083,0.74,2.1021123273662767,2.3997936306981846,0.5600078718526517,0.02518646114136397,0.01304198517032812,0.0010031847905032734,0.03552607768991209,22.234480211789077,155.41050276121314,327.58949723878686,Cruise,805.2073622663246,845.4677303796408,647.4063339041041,805.2073622663246,717.4932715208988,381.0226731532954,399.06623267276484,545.0539873476206,358.30463178119646,309.27822316025765,415.3680844866261
484.0,67.01880333160238,8.654621777301998,85.41176470588235,60.50000000000001,288.1879032110832,151.72567790832082,101.76222530276236,275.4191910465691,213.2590483762016,0.74,2.10230486640798,2.4000503494204564,0.5590850459582217,0.025131635058937833,0.013031355553259202,0.0009960644518075968,0.03552483845806845,22.246266295331562,156.3082722333932,327.6917277666068,Cruise,805.1180477247048,845.3739501109401,646.5511173491965,805.1180477247048,717.5588532925593,381.0043235729706,399.04588900154266,545.2107711449103,358.29690607727485,309.38595134033704,415.4622276964588
485.0,67.08800190794177,8.66355788890014,85.58823529411765,60.62499999999999,288.3093464895199,151.83935435629843,101.76999213322145,275.53525994240096,213.3489164022447,0.74,2.102496826734952,2.4003062965230852,0.5581674206386872,0.025077200054516583,0.013020768319579696,0.0009890218907054572,0.03552360442237673,22.25796418361137,157.20513874752265,327.79486125247735,Cruise,805.034029764174,845.2857312523828,645.7029718102388,805.034029764174,717.6283870081083,380.987245822746,399.0268414332614,545.3691722853789,358.2905646969269,309.49452332003693,415.55767591623805
486.0,67.15712918223947,8.67248479275102,85.76470588235293,60.75,288.4315027586616,151.9532324161768,101.77827034248484,275.65201011874086,213.4393120414096,0.74,2.1026882112554617,2.400561475883765,0.5572549488239132,0.02502315180555058,0.013010223209836094,0.000982055978631448,0.035522375550223806,22.269574718413537,158.10111183375835,327.89888816624165,Cruise,804.9552469916937,845.2030093412785,644.8618215920104,804.9552469916937,717.7018272994941,380.9714265164417,399.0090761808813,545.5291739876172,358.28559394360457,309.6039301957408,415.65441574366247
487.0,67.22618537445062,8.681402517259041,85.94117647058825,60.87500000000001,288.5543643910431,152.0673101932169,101.78705419782625,275.7694342891557,213.53022964937193,0.74,2.102879022857299,2.400815891352881,0.5563475840675413,0.024969486055620944,0.012999719966700178,0.0009751656076241576,0.03552115180926887,22.281098730996927,158.99620087347927,328.00379912652073,Cruise,804.8816390014829,845.125720951557,644.0275921567486,804.8816390014829,717.7791295216377,380.9568524703528,398.9925796670382,545.6907597281627,358.2819803218892,309.71416320287284,415.75243398036537
488.0,67.29517070340188,8.690311090682856,86.11764705882354,61.00000000000001,288.67792387978693,152.1815858229739,101.79633805681301,275.88752528235995,213.62166367104234,0.74,2.103069264407958,2.40106954675376,0.5554452805357468,0.024916198613128732,0.012989258334947245,0.0009683496898682825,0.03551993316744062,22.29253704227073,159.89041510230766,328.10958489769234,Cruise,804.8131463545642,845.0538036722925,643.2002101009526,804.8131463545642,717.860249737557,380.9435106992264,398.9773385198635,545.8539132363198,358.2797105335683,309.82521371307575,415.85171762784415
489.0,67.3640853867994,8.699210541136434,86.29411764705883,61.12500000000001,288.8021738361417,152.2960574706745,101.80611636546719,276.0062760398662,213.71360863874486,0.74,2.103258938754823,2.401322445882913,0.5545479929962573,0.024863285350016303,0.012978838061434633,0.0009616071572488209,0.03551871959293451,22.303890462967065,160.78376361305453,328.21623638694547,Cruise,804.7497105588308,844.9871960867723,642.379603132764,804.7497105588308,717.9451447038614,380.9313884123385,398.96333956890606,546.0186184891073,358.2787714738093,309.93707323146003,415.9522538834921
490.0,67.43292964123685,8.708100896590093,86.47058823529413,61.25,288.9271069870836,152.4107233306108,101.81638365647282,276.12567961369587,213.8060591704419,0.74,2.103448048725347,2.401574592510279,0.5536556768076226,0.02481074220051983,0.012968458895080484,0.0009549369609169828,0.03551751105420991,22.315159793809897,161.67625535859065,328.32374464140935,Cruise,804.6912740496148,844.9258377520955,641.5657000499144,804.6912740496148,718.0337718566158,380.92047300966874,398.9505698411578,546.1848597063344,358.279150227427,310.0497333939217,416.05403013672895
491.0,67.50170368220346,8.716982184871496,86.64705882352942,61.37500000000001,289.0527161729757,152.52558162554826,101.8271345474275,276.2457291641463,213.89900996800205,0.74,2.1036365971272333,2.4018259903794608,0.5527682879087306,0.024758565159952235,0.012958120586842769,0.0009483380708674915,0.03551630751998741,22.32634582568019,162.5678991546481,328.4321008453519,Cruise,804.6377801707501,844.8696691792876,640.7584307182075,804.6377801707501,718.1260892975587,380.91075207816556,398.9390165571727,546.3526213457934,358.28083406523984,310.1631859645257,416.15703396522395
492.0,67.57040772409177,8.725854433666704,86.8235294117647,61.50000000000001,289.1789943452871,152.6406306061492,101.83836373913792,276.3664179576142,213.99245581551244,0.74,2.103824586748611,2.4020766432079643,0.5518857828085636,0.024706750283515592,0.012947822889698585,0.0009418094755269043,0.03551510895924616,22.337449339777528,163.4587036825509,328.5412963174491,Cruise,804.5891731561106,844.8186318139162,639.9577260505381,804.5891731561106,718.2220557806648,380.9022133881053,398.9286671272837,546.5218880985748,358.28381044051565,310.2774228329556,416.2612531312138
493.0,67.63904198020549,8.734717670521169,87.00000000000001,61.625,289.3059345643682,152.7558685504106,101.85006601395764,276.48773936447174,214.0863915776325,0.74,2.1040120203582124,2.4023265546874324,0.5510081185761827,0.024655293685141907,0.0129375655586237,0.0009353501813525561,0.035513915341221086,22.348471107778302,164.34867749187845,328.65132250812155,Cruise,804.545398111604,844.7726680171842,639.1635179864204,804.545398111604,718.3216306990427,380.8948448895395,398.9195091479112,546.6926448844953,358.2880669855013,310.3924360120251,416.3666755779101
494.0,67.70760666276722,8.743571922840722,87.17647058823528,61.75000000000001,289.4335299972812,152.87129376311552,101.8622362341657,276.60968685699703,214.18081219798813,0.74,2.104198900705544,2.4025757284838747,0.5501352528309442,0.024604191536362077,0.01292734835057232,0.0009289592124419879,0.0355127266354004,22.35941189199042,165.23782900306423,328.76217099693577,Cruise,804.506400997624,844.7317210475053,638.3757394720153,804.506400997624,718.4247740721555,380.88863470882694,398.9115303979606,546.8648768476364,358.2935915080369,310.5082176352507,416.47328942599273
495.0,67.77610198292611,8.752417217892578,87.3529411764706,61.87499999999999,289.5617739156828,152.98690457529804,101.87486934038478,276.7322540073526,214.2757126976053,0.74,2.104385230521061,2.4028241682378972,0.5492671437329275,0.024553440065201302,0.01291717102445713,0.0009226356101522783,0.035511542811522905,22.37027244550485,166.12616650993112,328.8738334900689,Cruise,804.4721286119247,844.695735042521,637.5943244406394,804.4721286119247,718.5314465333561,380.8835711452491,398.9047188353057,547.0385693519928,358.3003719882483,310.62475995448375,416.5810829701877
496.0,67.84452815076541,8.761253582806306,87.52941176470587,62.0,289.6900022954133,153.10240350185785,101.88759879355543,276.8544630325552,214.37060169860584,0.74,2.1045710125163346,2.403071877564929,0.5484018256895172,0.024502946698149296,0.012907033341129592,0.0009163645227259515,0.03551036383957546,22.381056141747145,167.01444475456378,328.9855552454362,Cruise,804.439611370652,844.6615919391846,636.816317514716,804.439611370652,718.6393904181916,380.878781116135,398.8981597107795,547.2124689474439,358.30758932105886,310.7413512285404,416.68910176461605
497.0,67.91288537531004,8.7700810445748,87.70588235294117,62.125,289.8195284582395,153.2183825847529,101.90114587348663,276.9782574853261,214.46645105909724,0.74,2.1047562493842213,2.4033188600554443,0.5475431239560649,0.024452886482432983,0.012896935063360418,0.0009101730411607354,0.03550918968979045,22.391758304256687,167.90117282855283,329.09882717144717,Cruise,804.4146589687617,844.6353919171999,636.0474620505207,804.4146589687617,718.7530256767119,380.8759833610765,398.89365443700194,547.3890491495002,358.3168528565613,310.85939761069875,416.7992276730484
498.0,67.98117386453399,8.778899630055244,87.88235294117648,62.25000000000001,289.9496834344851,153.33454237589007,101.91514105859507,277.10265276565923,214.562765741519,0.74,2.1049409437990287,2.4035651192751875,0.5466890561819756,0.02440316593730969,0.012886875955820346,0.0009040461460064932,0.03550802033264325,22.402382444408563,168.78711115284722,329.2128888471528,Cruise,804.394276039505,844.6139898414802,635.2847770924259,804.394276039505,718.8700751033246,380.87429799566166,398.8902811275601,547.5670470818567,358.32733717007784,310.97818202984894,416.9104990347661
499.0,68.04939382536776,8.787709365970063,88.05882352941175,62.37500000000001,290.08046089626475,153.45088130705918,101.92957958920559,277.2276428289609,214.65954106323593,0.74,2.105125098416679,2.403810658765388,0.5458395826064414,0.024353781506746924,0.0128768557850611,0.0008979829441568652,0.0355068557388498,22.41292927980088,169.67226753639875,329.32773246360125,Cruise,804.3784125796261,844.5973332086074,634.5282003492756,804.3784125796261,718.9905016776752,380.87371398171996,398.8880284259597,547.7464489509713,358.33903090225897,311.09769719103974,417.0229048113638
500.0,68.11754546370561,8.796510278907869,88.23529411764706,62.49999999999999,290.21185461038567,153.56739783379126,101.94445677659442,277.353221721049,214.75677241168538,0.74,2.1053087158748727,2.4040554820429794,0.5449946639643977,0.024304729686048153,0.012866874319496617,0.0008919825579989031,0.0355056958793641,22.423399519528314,170.5566496734112,329.4433503265888,Cruise,804.3670193433397,844.5853703105067,633.7776704260149,804.3670193433397,719.1142689351044,380.8742204381606,398.8868851382173,547.9272411628399,358.35192285055234,311.2179359065725,417.1364341224628
